block;day ;Date;Observer;Trays ;session;linetype;hybridity;line;FOCAL_ID;PAIR_ID;ALBINO_ID;wf;wp;wa;NumCycles;TotTimeObs;MaleNumMount;MaleNumCop;MaleTimeMount;MaleTimeCop;FemNumMount;FemNumCop;FemTimeMount;FemTimeCop
B1;1;120314;NB;France;AM;C;NH;C1;1;P_1;;61;44;;28;5371;1;1;404;202;4;4;2260;1168
B1;1;120314;NB;France;AM;M;NH;M1;2;P_2;;65;54;;28;5371;1;1;727;356;1;1;590;196
B1;1;120314;NB;France;AM;F;NH;F1;3;P_3;;31;58;;28;5371;1;1;776;586;2;1;759;360
B1;1;120314;NB;France;AM;C;NH;C2;4;P_4;;42;44;;28;5371;1;1;642;426;2;1;571;185
B1;1;120314;NB;France;AM;M;NH;M2;5;P_5;;35;30;;28;5371;2;2;495;304;1;1;357;178
B1;1;120314;NB;France;AM;F;NH;F2;6;P_6;;75;51;;28;5371;2;1;1292;932;4;4;2002;1671
B1;1;120314;NB;France;AM;C;H;CH;7;P_7;;50;35;;28;5371;1;1;898;352;2;2;1561;574
B1;1;120314;NB;France;AM;M;H;MH;8;P_8;;65;114;;28;5371;2;1;915;348;1;1;1680;939
B1;1;120314;NB;France;AM;F;H;FH;9;P_9;;29;40;;28;5371;0;0;0;0;0;0;0;0
B1;1;120314;NB;France;AM;C;NH;C1;10;P_10;;37;66;;28;5371;2;1;1382;208;2;2;760;376
B1;1;120314;NB;France;AM;M;NH;M1;11;P_11;;92;40;;28;5371;1;0;235;0;3;0;2568;0
B1;1;120314;NB;France;AM;F;NH;F1;12;P_12;;37;21;;28;5371;0;0;0;0;0;0;0;0
B1;1;120314;NB;France;AM;C;NH;C2;13;P_13;;63;32;;28;5371;0;0;0;0;2;1;1779;193
B1;1;120314;NB;France;AM;M;NH;M2;14;P_14;;69;21;;28;5371;0;0;0;0;3;1;1360;172
B1;1;120314;NB;France;AM;F;NH;F2;15;P_15;;38;61;;28;5371;0;0;0;0;1;0;192;0
B1;1;120314;NB;France;AM;C;H;CH;16;P_16;;60;52;;28;5371;0;0;0;0;2;2;2224;1538
B1;1;120314;NB;France;AM;M;H;MH;17;P_17;;70;70;;28;5371;0;0;0;0;4;4;1488;1295
B1;1;120314;NB;France;AM;F;H;FH;18;P_18;;55;58;;28;5371;1;1;1057;334;1;1;757;374
B1;1;120314;NB;France;AM;C;NH;C1;19;P_19;;56;36;;28;5371;4;0;736;0;1;0;606;0
B1;1;120314;NB;France;AM;M;NH;M1;20;P_20;;52;51;;28;5371;0;0;0;0;5;1;2138;527
B1;1;120314;NB;France;AM;F;NH;F1;21;P_21;;46;43;;28;5371;1;1;943;512;2;1;1335;787
B1;1;120314;NB;France;AM;C;NH;C2;22;P_22;;42;40;;28;5371;3;2;1329;542;4;1;1128;194
B1;1;120314;NB;France;AM;M;NH;M2;23;P_23;;31;27;;28;5371;2;1;811;200;2;0;273;0
B1;1;120314;NB;France;AM;F;NH;F2;24;P_24;;62;61;;28;5371;2;1;914;326;3;2;2312;567
B1;1;120314;NB;France;AM;C;H;CH;25;P_25;;73;54;;28;5371;2;2;1288;536;1;1;391;182
B1;1;120314;NB;France;AM;M;H;MH;26;P_26;;76;81;;28;5371;2;1;595;210;2;1;593;205
B1;1;120314;NB;France;AM;F;H;FH;27;P_27;;28;32;;28;5371;1;1;723;370;1;1;638;193
B1;1;120314;NB;France;AM;C;NH;C1;28;P_28;;56;24;;28;5371;4;1;1142;222;2;1;737;170
B1;1;120314;NB;France;AM;M;NH;M1;29;P_29;;55;32;;28;5371;3;1;883;99;2;2;2017;338
B1;1;120314;NB;France;AM;F;NH;F1;30;P_30;;43;48;;28;5371;1;1;721;354;1;1;380;203
B1;1;120314;KS;Germany;AM;C;NH;C2;31;P_31;;37;75;;30;5254;4;1;2543;363;3;2;1516;437
B1;1;120314;KS;Germany;AM;M;NH;M2;32;P_32;;38;43;;30;5254;1;1;1084;368;1;0;176;0
B1;1;120314;KS;Germany;AM;F;NH;F2;33;P_33;;67;45;;30;5254;1;1;713;356;4;1;964;170
B1;1;120314;KS;Germany;AM;C;H;CH;34;P_34;;53;65;;30;5254;0;0;0;0;4;2;2465;896
B1;1;120314;KS;Germany;AM;M;H;MH;35;P_35;;95;37;;30;5254;2;0;365;0;1;1;718;349
B1;1;120314;KS;Germany;AM;F;H;FH;36;P_36;;38;42;;30;5254;0;0;0;0;1;1;721;183
B1;1;120314;KS;Germany;AM;C;NH;C1;37;P_37;;52;63;;30;5254;0;0;0;0;3;1;1071;350
B1;1;120314;KS;Germany;AM;M;NH;M1;38;P_38;;50;81;;30;5254;2;0;1343;0;2;0;722;0
B1;1;120314;KS;Germany;AM;F;NH;F1;39;P_39;;61;30;;30;5254;2;0;743;0;2;1;1973;181
B1;1;120314;KS;Germany;AM;C;NH;C2;40;P_40;;25;52;;30;5254;0;0;0;0;0;0;0;0
B1;1;120314;KS;Germany;AM;M;NH;M2;41;P_41;;48;28;;30;5254;1;0;272;0;2;0;1099;0
B1;1;120314;KS;Germany;AM;F;NH;F2;42;P_42;;54;63;;30;5254;1;1;1433;718;1;1;1079;367
B1;1;120314;KS;Germany;AM;C;H;CH;43;P_43;;64;49;;30;5254;2;0;1252;0;1;1;708;537
B1;1;120314;KS;Germany;AM;M;H;MH;44;P_44;;103;92;;30;5254;2;2;1410;723;2;0;889;0
B1;1;120314;KS;Germany;AM;F;H;FH;45;P_45;;55;48;;30;5254;1;1;373;184;2;1;898;171
B1;1;120314;KS;Germany;AM;C;NH;C1;46;P_46;;65;51;;30;5254;2;0;269;0;1;1;725;177
B1;1;120314;KS;Germany;AM;M;NH;M1;47;P_47;;44;94;;30;5254;2;1;857;173;5;2;1910;348
B1;1;120314;KS;Germany;AM;F;NH;F1;48;P_48;;37;27;;30;5254;2;1;535;169;1;1;682;360
B1;1;120314;KS;Germany;AM;C;NH;C2;49;P_49;;40;27;;30;5254;3;1;879;176;2;2;986;436
B1;1;120314;KS;Germany;AM;M;NH;M2;50;P_50;;36;18;;30;5254;0;0;0;0;3;0;916;0
B1;1;120314;KS;Germany;AM;F;NH;F2;51;P_51;;45;26;;30;5254;3;2;1813;715;1;0;175;0
B1;1;120314;KS;Germany;AM;C;H;CH;52;P_52;;70;60;;30;5254;2;1;1626;712;3;0;721;0
B1;1;120314;KS;Germany;AM;M;H;MH;53;P_53;;77;42;;30;5254;2;1;1330;710;2;1;550;192
B1;1;120314;KS;Germany;AM;F;H;FH;54;P_54;;46;21;;30;5254;0;0;0;0;0;0;0;0
B1;1;120314;KS;Germany;AM;C;NH;C1;55;P_55;;35;38;;30;5254;0;0;0;0;1;1;2259;533
B1;1;120314;KS;Germany;AM;M;NH;M1;56;P_56;;60;82;;30;5254;0;0;0;0;3;1;2128;895
B1;1;120314;KS;Germany;AM;F;NH;F1;57;P_57;;25;76;;30;5254;0;0;0;0;0;0;0;0
B1;1;120314;KS;Germany;AM;C;NH;C2;58;P_58;;55;20;;30;5254;0;0;0;0;2;0;707;0
B1;1;120314;KS;Germany;AM;M;NH;M2;59;P_59;;23;20;;30;5254;1;0;535;0;2;0;353;0
B1;1;120314;KS;Germany;AM;F;NH;F2;60;P_60;;63;33;;30;5254;1;0;84;0;2;1;897;528
B1;1;120314;EC;Japan;AM;C;H;CH;61;P_61;;32;45;;32;5369;0;0;0;0;0;0;0;0
B1;1;120314;EC;Japan;AM;M;H;MH;62;P_62;;89;118;;32;5369;3;1;1007;143;2;0;750;0
B1;1;120314;EC;Japan;AM;F;H;FH;63;P_63;;49;52;;32;5369;1;0;175;0;1;0;101;0
B1;1;120314;EC;Japan;AM;C;NH;C1;64;P_64;;45;59;;32;5369;0;0;0;0;2;1;965;205
B1;1;120314;EC;Japan;AM;M;NH;M1;65;P_65;;54;;;32;5369;0;0;0;0;0;0;0;0
B1;1;120314;EC;Japan;AM;F;NH;F1;66;P_66;;21;50;;32;5369;2;0;341;0;2;1;685;258
B1;1;120314;EC;Japan;AM;C;NH;C2;67;P_67;;48;25;;32;5369;1;0;124;0;1;1;422;268
B1;1;120314;EC;Japan;AM;M;NH;M2;68;P_68;;46;33;;32;5369;1;1;957;574;1;1;477;318
B1;1;120314;EC;Japan;AM;F;NH;F2;69;P_69;;55;48;;32;5369;0;0;0;0;0;0;0;0
B1;1;120314;EC;Japan;AM;C;H;CH;70;P_70;;46;47;;32;5369;1;1;751;579;0;0;0;0
B1;1;120314;EC;Japan;AM;M;H;MH;71;P_71;;101;90;;32;5369;2;1;828;167;4;1;1003;199
B1;1;120314;EC;Japan;AM;F;H;FH;72;P_72;;54;25;;32;5369;0;0;0;0;1;0;141;0
B1;1;120314;EC;Japan;AM;C;NH;C1;73;P_73;;45;41;;32;5369;0;0;0;0;1;1;819;598
B1;1;120314;EC;Japan;AM;M;NH;M1;74;P_74;;79;62;;32;5369;1;1;1082;939;2;2;963;345
B1;1;120314;EC;Japan;AM;F;NH;F1;75;P_75;;35;57;;32;5369;3;1;913;171;2;1;1057;718
B1;1;120314;EC;Japan;AM;C;NH;C2;76;P_76;;31;30;;32;5369;1;0;125;0;0;0;0;0
B1;1;120314;EC;Japan;AM;M;NH;M2;77;P_77;;40;11;;32;5369;1;0;206;0;0;0;0;0
B1;1;120314;EC;Japan;AM;F;NH;F2;78;P_78;;49;35;;32;5369;2;0;627;0;0;0;0;0
B1;1;120314;EC;Japan;AM;C;H;CH;79;P_79;;49;52;;32;5369;1;0;138;0;4;0;1047;0
B1;1;120314;EC;Japan;AM;M;H;MH;80;P_80;;55;94;;32;5369;1;0;127;0;3;2;1447;882
B1;1;120314;EC;Japan;AM;F;H;FH;81;P_81;;34;51;;32;5369;0;0;0;0;2;2;971;308
B1;1;120314;EC;Japan;AM;C;NH;C1;82;P_82;;51;25;;32;5369;1;1;998;290;1;1;946;425
B1;1;120314;EC;Japan;AM;M;NH;M1;83;P_83;;55;60;;32;5369;0;0;0;0;2;0;455;0
B1;1;120314;EC;Japan;AM;F;NH;F1;84;P_84;;64;41;;32;5369;1;0;136;0;1;1;1100;832
B1;1;120314;EC;Japan;AM;C;NH;C2;85;P_85;;47;48;;32;5369;1;1;1075;129;1;0;373;0
B1;1;120314;EC;Japan;AM;M;NH;M2;86;P_86;;36;43;;32;5369;0;0;0;0;3;2;799;259
B1;1;120314;EC;Japan;AM;F;NH;F2;87;P_87;;33;50;;32;5369;0;0;0;0;0;0;0;0
B1;1;120314;EC;Japan;AM;C;H;CH;88;P_88;;55;78;;32;5369;1;1;549;363;1;0;285;0
B1;1;120314;EC;Japan;AM;M;H;MH;89;P_89;;56;102;;32;5369;2;2;1057;446;1;1;1198;685
B1;1;120314;EC;Japan;AM;F;H;FH;90;P_90;;56;41;;32;5369;1;1;807;323;1;1;1728;1269
B1;1;120314;NB;Argentina;PM;C;NH;C1;91;P_91;;49;93;;30;5329;2;1;2943;382;1;0;398;0
B1;1;120314;NB;Argentina;PM;M;NH;M1;92;P_92;;45;47;;30;5329;2;1;1584;340;1;1;751;188
B1;1;120314;NB;Argentina;PM;F;NH;F1;93;P_93;;64;72;;30;5329;1;1;288;191;1;1;604;204
B1;1;120314;NB;Argentina;PM;C;NH;C2;94;P_94;;41;63;;30;5329;2;1;1435;369;3;2;2116;1343
B1;1;120314;NB;Argentina;PM;M;NH;M2;95;P_95;;52;31;;30;5329;2;0;894;0;4;2;1815;765
B1;1;120314;NB;Argentina;PM;F;NH;F2;96;P_96;;42;50;;30;5329;5;0;1231;0;2;1;593;202
B1;1;120314;NB;Argentina;PM;C;H;CH;97;P_97;;51;58;;30;5329;2;0;653;0;2;0;368;0
B1;1;120314;NB;Argentina;PM;M;H;MH;98;P_98;;63;55;;30;5329;1;1;1051;487;1;1;1095;203
B1;1;120314;NB;Argentina;PM;F;H;FH;99;P_99;;79;44;;30;5329;3;1;965;405;1;0;193;0
B1;1;120314;NB;Argentina;PM;C;NH;C1;100;P_100;;43;20;;30;5329;1;1;499;327;1;1;4539;1294
B1;1;120314;NB;Argentina;PM;M;NH;M1;101;P_101;;45;38;;30;5329;1;0;169;0;0;0;0;0
B1;1;120314;NB;Argentina;PM;F;NH;F1;102;P_102;;35;63;;30;5329;1;1;324;51;5;2;1521;587
B1;1;120314;NB;Argentina;PM;C;NH;C2;103;P_103;;51;30;;30;5329;2;1;748;207;0;0;0;0
B1;1;120314;NB;Argentina;PM;M;NH;M2;104;P_104;;22;58;;30;5329;0;0;0;0;1;1;726;525
B1;1;120314;NB;Argentina;PM;F;NH;F2;105;P_105;;34;33;;30;5329;1;1;928;388;1;1;338;193
B1;1;120314;NB;Argentina;PM;C;H;CH;106;P_106;;48;65;;30;5329;2;1;1057;168;1;1;473;153
B1;1;120314;NB;Argentina;PM;M;H;MH;107;P_107;;52;127;;30;5329;3;0;716;0;2;1;563;202
B1;1;120314;NB;Argentina;PM;F;H;FH;108;P_108;;38;22;;30;5329;1;1;587;198;1;0;152;0
B1;1;120314;NB;Argentina;PM;C;NH;C1;109;P_109;;43;68;;30;5329;2;2;1741;917;2;2;962;334
B1;1;120314;NB;Argentina;PM;M;NH;M1;110;P_110;;43;77;;30;5329;1;1;807;446;4;2;2276;529
B1;1;120314;NB;Argentina;PM;F;NH;F1;111;P_111;;50;43;;30;5329;3;2;1261;742;2;1;1099;345
B1;1;120314;NB;Argentina;PM;C;NH;C2;112;P_112;;31;82;;30;5329;1;1;768;374;4;2;1530;514
B1;1;120314;NB;Argentina;PM;M;NH;M2;113;P_113;;43;30;;30;5329;3;0;708;0;2;1;1447;458
B1;1;120314;NB;Argentina;PM;F;NH;F2;114;P_114;;30;24;;30;5329;3;0;387;0;2;2;1487;955
B1;1;120314;NB;Argentina;PM;C;H;CH;115;P_115;;44;61;;30;5329;1;1;1056;525;2;0;391;0
B1;1;120314;NB;Argentina;PM;M;H;MH;116;P_116;;112;98;;30;5329;2;1;702;331;1;1;581;403
B1;1;120314;NB;Argentina;PM;F;H;FH;117;P_117;;44;62;;30;5329;4;2;2215;341;3;1;896;176
B1;1;120314;NB;Argentina;PM;C;NH;C1;118;P_118;;66;78;;30;5329;2;0;326;0;1;1;691;350
B1;1;120314;NB;Argentina;PM;M;NH;M1;119;P_119;;74;47;;30;5329;2;1;583;160;1;1;495;341
B1;1;120314;NB;Argentina;PM;F;NH;F1;120;P_120;;43;53;;30;5329;2;1;910;157;1;0;350;0
B1;1;120314;KS;Jamaica;PM;C;NH;C2;121;P_121;;31;28;;30;5235;0;0;0;0;0;0;0;0
B1;1;120314;KS;Jamaica;PM;M;NH;M2;122;P_122;;42;27;;30;5235;2;0;683;0;2;2;1379;684
B1;1;120314;KS;Jamaica;PM;F;NH;F2;123;P_123;;37;58;;30;5235;3;1;906;191;1;1;376;191
B1;1;120314;KS;Jamaica;PM;C;H;CH;124;P_124;;53;54;;30;5235;1;0;181;0;2;1;564;191
B1;1;120314;KS;Jamaica;PM;M;H;MH;125;P_125;;65;89;;30;5235;2;1;969;159;3;1;1253;352
B1;1;120314;KS;Jamaica;PM;F;H;FH;126;P_126;;41;46;;30;5235;2;1;438;91;2;0;344;0
B1;1;120314;KS;Jamaica;PM;C;NH;C1;127;P_127;;68;41;;30;5235;1;1;884;339;1;1;530;172
B1;1;120314;KS;Jamaica;PM;M;NH;M1;128;P_128;;50;62;;30;5235;1;1;703;185;4;2;1127;376
B1;1;120314;KS;Jamaica;PM;F;NH;F1;129;P_129;;64;28;;30;5235;0;0;0;0;4;0;863;0
B1;1;120314;KS;Jamaica;PM;C;NH;C2;130;P_130;;33;45;;30;5235;0;0;0;0;2;0;385;0
B1;1;120314;KS;Jamaica;PM;M;NH;M2;131;P_131;;80;46;;30;5235;3;1;906;176;1;1;1059;555
B1;1;120314;KS;Jamaica;PM;F;NH;F2;132;P_132;;35;81;;30;5235;2;1;2380;581;0;0;0;0
B1;1;120314;KS;Jamaica;PM;C;H;CH;133;P_133;;62;43;;30;5235;0;0;0;0;1;1;1630;745
B1;1;120314;KS;Jamaica;PM;M;H;MH;134;P_134;;103;82;;30;5235;3;0;886;0;3;2;3138;797
B1;1;120314;KS;Jamaica;PM;F;H;FH;135;P_135;;30;36;;30;5235;0;0;0;0;0;0;0;0
B1;1;120314;KS;Jamaica;PM;C;NH;C1;136;P_136;;40;77;;30;5235;0;0;0;0;2;0;347;0
B1;1;120314;KS;Jamaica;PM;M;NH;M1;137;P_137;;59;86;;30;5235;2;2;2341;922;1;1;511;177
B1;1;120314;KS;Jamaica;PM;F;NH;F1;138;P_138;;30;71;;30;5235;1;1;900;176;2;0;727;0
B1;1;120314;KS;Jamaica;PM;C;NH;C2;139;P_139;;37;57;;30;5235;0;0;0;0;3;0;431;0
B1;1;120314;KS;Jamaica;PM;M;NH;M2;140;P_140;;38;19;;30;5235;0;0;0;0;0;0;0;0
B1;1;120314;KS;Jamaica;PM;F;NH;F2;141;P_141;;43;48;;30;5235;0;0;0;0;1;0;167;0
B1;1;120314;KS;Jamaica;PM;C;H;CH;142;P_142;;55;71;;30;5235;0;0;0;0;1;0;94;0
B1;1;120314;KS;Jamaica;PM;M;H;MH;143;P_143;;62;97;;30;5235;1;0;169;0;4;3;2612;860
B1;1;120314;KS;Jamaica;PM;F;H;FH;144;P_144;;62;46;;30;5235;3;0;1295;0;2;0;721;0
B1;1;120314;KS;Jamaica;PM;C;NH;C1;145;P_145;;44;49;;30;5235;1;0;332;0;1;1;3196;1260
B1;1;120314;KS;Jamaica;PM;M;NH;M1;146;P_146;;60;55;;30;5235;1;1;1202;156;1;0;932;0
B1;1;120314;KS;Jamaica;PM;F;NH;F1;147;P_147;;47;49;;30;5235;1;1;727;544;1;1;534;343
B1;1;120314;KS;Jamaica;PM;C;NH;C2;148;P_148;;72;50;;30;5235;2;1;1254;188;1;1;697;381
B1;1;120314;KS;Jamaica;PM;M;NH;M2;149;P_149;;49;19;;30;5235;0;0;0;0;0;0;0;0
B1;1;120314;KS;Jamaica;PM;F;NH;F2;150;P_150;;26;64;;30;5235;1;0;553;0;2;2;885;499
B1;1;120314;PD;Nigeria;PM;C;H;CH;151;P_151;;74;46;;32;5496;2;2;1050;512;1;1;1304;365
B1;1;120314;PD;Nigeria;PM;M;H;MH;152;P_152;;44;72;;32;5496;2;1;2927;1028;2;1;870;354
B1;1;120314;PD;Nigeria;PM;F;H;FH;153;P_153;;43;54;;32;5496;1;1;917;614;1;1;608;405
B1;1;120314;PD;Nigeria;PM;C;NH;C1;154;P_154;;43;25;;32;5496;4;0;782;0;1;0;225;0
B1;1;120314;PD;Nigeria;PM;M;NH;M1;155;P_155;;41;73;;32;5496;2;0;388;0;3;1;1442;146
B1;1;120314;PD;Nigeria;PM;F;NH;F1;156;P_156;;14;33;;32;5496;1;0;414;0;1;0;197;0
B1;1;120314;PD;Nigeria;PM;C;NH;C2;157;P_157;;32;74;;32;5496;2;1;1709;187;4;0;905;0
B1;1;120314;PD;Nigeria;PM;M;NH;M2;158;P_158;;29;22;;32;5496;1;1;349;175;1;1;809;615
B1;1;120314;PD;Nigeria;PM;F;NH;F2;159;P_159;;31;33;;32;5496;2;1;856;502;1;1;672;507
B1;1;120314;PD;Nigeria;PM;C;H;CH;160;P_160;;70;59;;32;5496;1;1;622;411;1;1;514;175
B1;1;120314;PD;Nigeria;PM;M;H;MH;161;P_161;;115;62;;32;5496;2;2;3083;2219;1;1;805;527
B1;1;120314;PD;Nigeria;PM;F;H;FH;162;P_162;;53;65;;32;5496;0;0;0;0;1;1;1002;176
B1;1;120314;PD;Nigeria;PM;C;NH;C1;163;P_163;;72;49;;32;5496;1;0;937;0;1;0;222;0
B1;1;120314;PD;Nigeria;PM;M;NH;M1;164;P_164;;73;90;;32;5496;1;1;937;204;2;2;1356;465
B1;1;120314;PD;Nigeria;PM;F;NH;F1;165;P_165;;40;11;;32;5496;1;0;179;0;0;0;0;0
B1;1;120314;PD;Nigeria;PM;C;NH;C2;166;P_166;;28;39;;32;5496;0;0;0;0;1;1;457;160
B1;1;120314;PD;Nigeria;PM;M;NH;M2;167;P_167;;33;43;;32;5496;0;0;0;0;2;0;401;0
B1;1;120314;PD;Nigeria;PM;F;NH;F2;168;P_168;;27;39;;32;5496;3;1;1168;305;2;2;1046;350
B1;1;120314;PD;Nigeria;PM;C;H;CH;169;P_169;;31;37;;32;5496;2;1;700;347;2;2;1187;532
B1;1;120314;PD;Nigeria;PM;M;H;MH;170;P_170;;85;76;;32;5496;0;0;0;0;5;2;3228;857
B1;1;120314;PD;Nigeria;PM;F;H;FH;171;P_171;;29;83;;32;5496;2;0;1472;0;2;1;954;311
B1;1;120314;PD;Nigeria;PM;C;NH;C1;172;P_172;;30;65;;32;5496;0;0;0;0;1;0;207;0
B1;1;120314;PD;Nigeria;PM;M;NH;M1;173;P_173;;51;42;;32;5496;0;0;0;0;0;0;0;0
B1;1;120314;PD;Nigeria;PM;F;NH;F1;174;P_174;;43;50;;32;5496;0;0;0;0;2;1;570;187
B1;1;120314;PD;Nigeria;PM;C;NH;C2;175;P_175;;49;31;;32;5496;2;0;704;0;1;1;1397;500
B1;1;120314;PD;Nigeria;PM;M;NH;M2;176;P_176;;23;44;;32;5496;1;1;530;365;3;1;835;252
B1;1;120314;PD;Nigeria;PM;F;NH;F2;177;P_177;;46;30;;32;5496;1;0;414;0;3;0;728;0
B1;1;120314;PD;Nigeria;PM;C;H;CH;178;P_178;;51;95;;32;5496;2;2;1285;373;4;1;1304;377
B1;1;120314;PD;Nigeria;PM;M;H;MH;179;P_179;;75;75;;32;5496;3;2;2391;941;2;1;1087;353
B1;1;120314;PD;Nigeria;PM;F;H;FH;180;P_180;;59;24;;32;5496;1;1;304;155;1;0;75;0
B1;2;130314;NB;France;AM;C;NH;C1;1;P_1;;61;42;;28;5303;0;0;0;0;0;0;0;0
B1;2;130314;NB;France;AM;M;NH;M1;2;P_2;;70;51;;28;5303;0;0;0;0;0;0;0;0
B1;2;130314;NB;France;AM;F;NH;F1;3;P_3;;27;58;;28;5303;0;0;0;0;0;0;0;0
B1;2;130314;NB;France;AM;C;NH;C2;4;P_4;;42;50;;28;5303;1;1;420;216;0;0;0;0
B1;2;130314;NB;France;AM;M;NH;M2;5;P_5;;34;26;;28;5303;0;0;0;0;0;0;0;0
B1;2;130314;NB;France;AM;F;NH;F2;6;P_6;;69;51;;28;5303;0;0;0;0;0;0;0;0
B1;2;130314;NB;France;AM;C;H;CH;7;P_7;;49;33;;28;5303;2;0;371;0;0;0;0;0
B1;2;130314;NB;France;AM;M;H;MH;8;P_8;;70;109;;28;5303;1;1;611;392;1;1;98;98
B1;2;130314;NB;France;AM;F;H;FH;9;P_9;;29;42;;28;5303;0;0;0;0;0;0;0;0
B1;2;130314;NB;France;AM;C;NH;C1;10;P_10;;40;68;;28;5303;0;0;0;0;0;0;0;0
B1;2;130314;NB;France;AM;M;NH;M1;11;P_11;;80;38;;28;5303;0;0;0;0;0;0;0;0
B1;2;130314;NB;France;AM;F;NH;F1;12;P_12;;36;21;;28;5303;1;1;778;258;0;0;0;0
B1;2;130314;NB;France;AM;C;NH;C2;13;P_13;;62;31;;28;5303;2;1;753;356;0;0;0;0
B1;2;130314;NB;France;AM;M;NH;M2;14;P_14;;68;22;;28;5303;0;0;0;0;1;0;241;0
B1;2;130314;NB;France;AM;F;NH;F2;15;P_15;;41;62;;28;5303;0;0;0;0;0;0;0;0
B1;2;130314;NB;France;AM;C;H;CH;16;P_16;;58;54;;28;5303;0;0;0;0;1;0;276;0
B1;2;130314;NB;France;AM;M;H;MH;17;P_17;;68;78;;28;5303;2;1;970;433;2;1;790;418
B1;2;130314;NB;France;AM;F;H;FH;18;P_18;;55;59;;28;5303;1;0;176;0;0;0;0;0
B1;2;130314;NB;France;AM;C;NH;C1;19;P_19;;61;36;;28;5303;0;0;0;0;0;0;0;0
B1;2;130314;NB;France;AM;M;NH;M1;20;P_20;;54;55;;28;5303;1;1;589;374;2;0;396;0
B1;2;130314;NB;France;AM;F;NH;F1;21;P_21;;43;43;;28;5303;0;0;0;0;0;0;0;0
B1;2;130314;NB;France;AM;C;NH;C2;22;P_22;;43;37;;28;5303;1;0;198;0;2;2;1500;532
B1;2;130314;NB;France;AM;M;NH;M2;23;P_23;;28;27;;28;5303;0;0;0;0;1;0;192;0
B1;2;130314;NB;France;AM;F;NH;F2;24;P_24;;58;60;;28;5303;0;0;0;0;2;0;415;0
B1;2;130314;NB;France;AM;C;H;CH;25;P_25;;69;57;;28;5303;0;0;0;0;1;0;230;0
B1;2;130314;NB;France;AM;M;H;MH;26;P_26;;66;84;;28;5303;0;0;0;0;1;0;71;0
B1;2;130314;NB;France;AM;F;H;FH;27;P_27;;29;32;;28;5303;0;0;0;0;1;0;464;0
B1;2;130314;NB;France;AM;C;NH;C1;28;P_28;;57;23;;28;5303;0;0;0;0;0;0;0;0
B1;2;130314;NB;France;AM;M;NH;M1;29;P_29;;56;31;;28;5303;3;1;974;121;1;0;344;0
B1;2;130314;NB;France;AM;F;NH;F1;30;P_30;;41;48;;28;5303;1;0;134;0;0;0;0;0
B1;2;130314;KS;Germany;AM;C;NH;C2;31;P_31;;28;66;;29;5241;1;0;153;0;0;0;0;0
B1;2;130314;KS;Germany;AM;M;NH;M2;32;P_32;;35;49;;29;5241;0;0;0;0;2;1;1023;193
B1;2;130314;KS;Germany;AM;F;NH;F2;33;P_33;;72;52;;29;5241;0;0;0;0;0;0;0;0
B1;2;130314;KS;Germany;AM;C;H;CH;34;P_34;;56;70;;29;5241;0;0;0;0;1;0;237;0
B1;2;130314;KS;Germany;AM;M;H;MH;35;P_35;;94;39;;29;5241;1;0;171;0;0;0;0;0
B1;2;130314;KS;Germany;AM;F;H;FH;36;P_36;;40;42;;29;5241;0;0;0;0;0;0;0;0
B1;2;130314;KS;Germany;AM;C;NH;C1;37;P_37;;50;59;;29;5241;0;0;0;0;0;0;0;0
B1;2;130314;KS;Germany;AM;M;NH;M1;38;P_38;;56;80;;29;5241;0;0;0;0;1;0;280;0
B1;2;130314;KS;Germany;AM;F;NH;F1;39;P_39;;51;26;;29;5241;0;0;0;0;0;0;0;0
B1;2;130314;KS;Germany;AM;C;NH;C2;40;P_40;;23;46;;29;5241;0;0;0;0;1;0;180;0
B1;2;130314;KS;Germany;AM;M;NH;M2;41;P_41;;40;27;;29;5241;0;0;0;0;0;0;0;0
B1;2;130314;KS;Germany;AM;F;NH;F2;42;P_42;;51;65;;29;5241;0;0;0;0;1;0;180;0
B1;2;130314;KS;Germany;AM;C;H;CH;43;P_43;;57;41;;29;5241;0;0;0;0;1;0;269;0
B1;2;130314;KS;Germany;AM;M;H;MH;44;P_44;;93;87;;29;5241;0;0;0;0;2;1;840;178
B1;2;130314;KS;Germany;AM;F;H;FH;45;P_45;;56;43;;29;5241;0;0;0;0;0;0;0;0
B1;2;130314;KS;Germany;AM;C;NH;C1;46;P_46;;70;40;;29;5241;0;0;0;0;0;0;0;0
B1;2;130314;KS;Germany;AM;M;NH;M1;47;P_47;;44;98;;29;5241;0;0;0;0;0;0;0;0
B1;2;130314;KS;Germany;AM;F;NH;F1;48;P_48;;39;29;;29;5241;0;0;0;0;0;0;0;0
B1;2;130314;KS;Germany;AM;C;NH;C2;49;P_49;;39;25;;29;5241;2;0;449;0;0;0;0;0
B1;2;130314;KS;Germany;AM;M;NH;M2;50;P_50;;29;19;;29;5241;0;0;0;0;0;0;0;0
B1;2;130314;KS;Germany;AM;F;NH;F2;51;P_51;;43;24;;29;5241;0;0;0;0;0;0;0;0
B1;2;130314;KS;Germany;AM;C;H;CH;52;P_52;;71;54;;29;5241;1;1;1111;735;0;0;0;0
B1;2;130314;KS;Germany;AM;M;H;MH;53;P_53;;76;38;;29;5241;0;0;0;0;0;0;0;0
B1;2;130314;KS;Germany;AM;F;H;FH;54;P_54;;47;18;;29;5241;0;0;0;0;0;0;0;0
B1;2;130314;KS;Germany;AM;C;NH;C1;55;P_55;;32;38;;29;5241;1;0;179;0;0;0;0;0
B1;2;130314;KS;Germany;AM;M;NH;M1;56;P_56;;55;80;;29;5241;0;0;0;0;0;0;0;0
B1;2;130314;KS;Germany;AM;F;NH;F1;57;P_57;;24;75;;29;5241;0;0;0;0;0;0;0;0
B1;2;130314;KS;Germany;AM;C;NH;C2;58;P_58;;57;20;;29;5241;0;0;0;0;0;0;0;0
B1;2;130314;KS;Germany;AM;M;NH;M2;59;P_59;;24;18;;29;5241;0;0;0;0;0;0;0;0
B1;2;130314;KS;Germany;AM;F;NH;F2;60;P_60;;56;32;;29;5241;0;0;0;0;0;0;0;0
B1;2;130314;EC;Japan;AM;C;H;CH;61;P_61;;43;43;;30;5382;0;0;0;0;1;0;176;0
B1;2;130314;EC;Japan;AM;M;H;MH;62;P_62;;91;109;;30;5382;1;0;95;0;0;0;0;0
B1;2;130314;EC;Japan;AM;F;H;FH;63;P_63;;47;56;;30;5382;0;0;0;0;0;0;0;0
B1;2;130314;EC;Japan;AM;C;NH;C1;64;P_64;;43;63;;30;5382;2;0;887;0;2;0;345;0
B1;2;130314;EC;Japan;AM;M;NH;M1;65;P_65;;;;;30;5382;0;0;0;0;0;0;0;0
B1;2;130314;EC;Japan;AM;F;NH;F1;66;P_66;;25;52;;30;5382;0;0;0;0;0;0;0;0
B1;2;130314;EC;Japan;AM;C;NH;C2;67;P_67;;53;26;;30;5382;0;0;0;0;0;0;0;0
B1;2;130314;EC;Japan;AM;M;NH;M2;68;P_68;;51;32;;30;5382;2;0;307;0;0;0;0;0
B1;2;130314;EC;Japan;AM;F;NH;F2;69;P_69;;55;46;;30;5382;0;0;0;0;0;0;0;0
B1;2;130314;EC;Japan;AM;C;H;CH;70;P_70;;49;47;;30;5382;0;0;0;0;2;1;650;80
B1;2;130314;EC;Japan;AM;M;H;MH;71;P_71;;96;87;;30;5382;1;0;195;0;2;1;748;162
B1;2;130314;EC;Japan;AM;F;H;FH;72;P_72;;51;22;;30;5382;0;0;0;0;0;0;0;0
B1;2;130314;EC;Japan;AM;C;NH;C1;73;P_73;;48;45;;30;5382;2;0;1073;0;0;0;0;0
B1;2;130314;EC;Japan;AM;M;NH;M1;74;P_74;;80;57;;30;5382;1;0;346;0;2;1;1064;132
B1;2;130314;EC;Japan;AM;F;NH;F1;75;P_75;;38;61;;30;5382;0;0;0;0;0;0;0;0
B1;2;130314;EC;Japan;AM;C;NH;C2;76;P_76;;31;28;;30;5382;0;0;0;0;0;0;0;0
B1;2;130314;EC;Japan;AM;M;NH;M2;77;P_77;;46;11;;30;5382;0;0;0;0;0;0;0;0
B1;2;130314;EC;Japan;AM;F;NH;F2;78;P_78;;39;28;;30;5382;2;1;766;153;0;0;0;0
B1;2;130314;EC;Japan;AM;C;H;CH;79;P_79;;45;50;;30;5382;2;0;363;0;0;0;0;0
B1;2;130314;EC;Japan;AM;M;H;MH;80;P_80;;53;94;;30;5382;0;0;0;0;1;0;191;0
B1;2;130314;EC;Japan;AM;F;H;FH;81;P_81;;36;52;;30;5382;0;0;0;0;0;0;0;0
B1;2;130314;EC;Japan;AM;C;NH;C1;82;P_82;;48;24;;30;5382;3;0;993;0;0;0;0;0
B1;2;130314;EC;Japan;AM;M;NH;M1;83;P_83;;48;60;;30;5382;1;0;231;0;0;0;0;0
B1;2;130314;EC;Japan;AM;F;NH;F1;84;P_84;;60;37;;30;5382;0;0;0;0;0;0;0;0
B1;2;130314;EC;Japan;AM;C;NH;C2;85;P_85;;46;45;;30;5382;1;0;144;0;1;0;208;0
B1;2;130314;EC;Japan;AM;M;NH;M2;86;P_86;;34;35;;30;5382;0;0;0;0;0;0;0;0
B1;2;130314;EC;Japan;AM;F;NH;F2;87;P_87;;37;47;;30;5382;0;0;0;0;0;0;0;0
B1;2;130314;EC;Japan;AM;C;H;CH;88;P_88;;54;71;;30;5382;0;0;0;0;0;0;0;0
B1;2;130314;EC;Japan;AM;M;H;MH;89;P_89;;51;102;;30;5382;0;0;0;0;1;1;835;210
B1;2;130314;EC;Japan;AM;F;H;FH;90;P_90;;56;43;;30;5382;0;0;0;0;0;0;0;0
B1;2;130314;NB;Argentina;PM;C;NH;C1;91;P_91;;45;80;;28;5318;0;0;0;0;2;0;618;0
B1;2;130314;NB;Argentina;PM;M;NH;M1;92;P_92;;44;41;;28;5318;0;0;0;0;0;0;0;0
B1;2;130314;NB;Argentina;PM;F;NH;F1;93;P_93;;61;65;;28;5318;0;0;0;0;0;0;0;0
B1;2;130314;NB;Argentina;PM;C;NH;C2;94;P_94;;43;54;;28;5318;0;0;0;0;0;0;0;0
B1;2;130314;NB;Argentina;PM;M;NH;M2;95;P_95;;56;30;;28;5318;0;0;0;0;0;0;0;0
B1;2;130314;NB;Argentina;PM;F;NH;F2;96;P_96;;50;49;;28;5318;2;0;581;0;0;0;0;0
B1;2;130314;NB;Argentina;PM;C;H;CH;97;P_97;;47;51;;28;5318;0;0;0;0;0;0;0;0
B1;2;130314;NB;Argentina;PM;M;H;MH;98;P_98;;66;47;;28;5318;0;0;0;0;1;1;1621;842
B1;2;130314;NB;Argentina;PM;F;H;FH;99;P_99;;84;44;;28;5318;2;0;452;0;0;0;0;0
B1;2;130314;NB;Argentina;PM;C;NH;C1;100;P_100;;42;17;;28;5318;1;0;367;0;0;0;0;0
B1;2;130314;NB;Argentina;PM;M;NH;M1;101;P_101;;38;33;;28;5318;0;0;0;0;0;0;0;0
B1;2;130314;NB;Argentina;PM;F;NH;F1;102;P_102;;33;53;;28;5318;0;0;0;0;2;1;793;401
B1;2;130314;NB;Argentina;PM;C;NH;C2;103;P_103;;46;29;;28;5318;0;0;0;0;0;0;0;0
B1;2;130314;NB;Argentina;PM;M;NH;M2;104;P_104;;23;48;;28;5318;3;0;933;0;2;1;886;269
B1;2;130314;NB;Argentina;PM;F;NH;F2;105;P_105;;31;29;;28;5318;1;1;661;431;0;0;0;0
B1;2;130314;NB;Argentina;PM;C;H;CH;106;P_106;;49;55;;28;5318;2;0;366;0;0;0;0;0
B1;2;130314;NB;Argentina;PM;M;H;MH;107;P_107;;46;110;;28;5318;1;0;286;0;1;0;241;0
B1;2;130314;NB;Argentina;PM;F;H;FH;108;P_108;;33;26;;28;5318;0;0;0;0;0;0;0;0
B1;2;130314;NB;Argentina;PM;C;NH;C1;109;P_109;;41;62;;28;5318;0;0;0;0;3;3;1941;876
B1;2;130314;NB;Argentina;PM;M;NH;M1;110;P_110;;41;71;;28;5318;0;0;0;0;2;2;1131;389
B1;2;130314;NB;Argentina;PM;F;NH;F1;111;P_111;;41;43;;28;5318;1;0;171;0;0;0;0;0
B1;2;130314;NB;Argentina;PM;C;NH;C2;112;P_112;;29;69;;28;5318;0;0;0;0;4;0;978;0
B1;2;130314;NB;Argentina;PM;M;NH;M2;113;P_113;;40;26;;28;5318;1;0;203;0;0;0;0;0
B1;2;130314;NB;Argentina;PM;F;NH;F2;114;P_114;;31;20;;28;5318;0;0;0;0;0;0;0;0
B1;2;130314;NB;Argentina;PM;C;H;CH;115;P_115;;44;63;;28;5318;1;0;319;0;1;0;203;0
B1;2;130314;NB;Argentina;PM;M;H;MH;116;P_116;;108;89;;28;5318;1;0;413;0;2;2;972;247
B1;2;130314;NB;Argentina;PM;F;H;FH;117;P_117;;41;61;;28;5318;0;0;0;0;1;0;199;0
B1;2;130314;NB;Argentina;PM;C;NH;C1;118;P_118;;60;64;;28;5318;0;0;0;0;0;0;0;0
B1;2;130314;NB;Argentina;PM;M;NH;M1;119;P_119;;68;42;;28;5318;3;0;659;0;0;0;0;0
B1;2;130314;NB;Argentina;PM;F;NH;F1;120;P_120;;39;48;;28;5318;0;0;0;0;1;0;198;0
B1;2;130314;KS;Jamaica;PM;C;NH;C2;121;P_121;;31;26;;30;5325;1;0;523;0;0;0;0;0
B1;2;130314;KS;Jamaica;PM;M;NH;M2;122;P_122;;38;27;;30;5325;1;0;355;0;0;0;0;0
B1;2;130314;KS;Jamaica;PM;F;NH;F2;123;P_123;;32;48;;30;5325;0;0;0;0;0;0;0;0
B1;2;130314;KS;Jamaica;PM;C;H;CH;124;P_124;;42;49;;30;5325;2;0;489;0;1;0;196;0
B1;2;130314;KS;Jamaica;PM;M;H;MH;125;P_125;;57;75;;30;5325;1;0;167;0;1;1;876;160
B1;2;130314;KS;Jamaica;PM;F;H;FH;126;P_126;;36;39;;30;5325;1;0;173;0;0;0;0;0
B1;2;130314;KS;Jamaica;PM;C;NH;C1;127;P_127;;64;33;;30;5325;0;0;0;0;0;0;0;0
B1;2;130314;KS;Jamaica;PM;M;NH;M1;128;P_128;;43;50;;30;5325;0;0;0;0;0;0;0;0
B1;2;130314;KS;Jamaica;PM;F;NH;F1;129;P_129;;62;26;;30;5325;0;0;0;0;0;0;0;0
B1;2;130314;KS;Jamaica;PM;C;NH;C2;130;P_130;;33;37;;30;5325;0;0;0;0;0;0;0;0
B1;2;130314;KS;Jamaica;PM;M;NH;M2;131;P_131;;78;44;;30;5325;0;0;0;0;2;0;361;0
B1;2;130314;KS;Jamaica;PM;F;NH;F2;132;P_132;;36;71;;30;5325;1;0;894;0;0;0;0;0
B1;2;130314;KS;Jamaica;PM;C;H;CH;133;P_133;;55;39;;30;5325;0;0;0;0;1;1;1694;952
B1;2;130314;KS;Jamaica;PM;M;H;MH;134;P_134;;90;76;;30;5325;0;0;0;0;0;0;0;0
B1;2;130314;KS;Jamaica;PM;F;H;FH;135;P_135;;28;36;;30;5325;0;0;0;0;4;3;2948;1456
B1;2;130314;KS;Jamaica;PM;C;NH;C1;136;P_136;;35;67;;30;5325;0;0;0;0;2;0;1388;0
B1;2;130314;KS;Jamaica;PM;M;NH;M1;137;P_137;;59;78;;30;5325;0;0;0;0;0;0;0;0
B1;2;130314;KS;Jamaica;PM;F;NH;F1;138;P_138;;27;35;;30;5325;0;0;0;0;0;0;0;0
B1;2;130314;KS;Jamaica;PM;C;NH;C2;139;P_139;;37;45;;30;5325;0;0;0;0;1;0;223;0
B1;2;130314;KS;Jamaica;PM;M;NH;M2;140;P_140;;37;18;;30;5325;1;0;78;0;0;0;0;0
B1;2;130314;KS;Jamaica;PM;F;NH;F2;141;P_141;;40;45;;30;5325;2;2;822;473;1;0;162;0
B1;2;130314;KS;Jamaica;PM;C;H;CH;142;P_142;;49;63;;30;5325;0;0;0;0;1;1;617;407
B1;2;130314;KS;Jamaica;PM;M;H;MH;143;P_143;;58;88;;30;5325;0;0;0;0;3;0;1328;0
B1;2;130314;KS;Jamaica;PM;F;H;FH;144;P_144;;58;43;;30;5325;0;0;0;0;0;0;0;0
B1;2;130314;KS;Jamaica;PM;C;NH;C1;145;P_145;;44;45;;30;5325;0;0;0;0;1;0;1270;0
B1;2;130314;KS;Jamaica;PM;M;NH;M1;146;P_146;;60;42;;30;5325;0;0;0;0;0;0;0;0
B1;2;130314;KS;Jamaica;PM;F;NH;F1;147;P_147;;41;63;;30;5325;1;0;184;0;0;0;0;0
B1;2;130314;KS;Jamaica;PM;C;NH;C2;148;P_148;;46;46;;30;5325;0;0;0;0;0;0;0;0
B1;2;130314;KS;Jamaica;PM;M;NH;M2;149;P_149;;49;16;;30;5325;1;0;182;0;1;0;685;0
B1;2;130314;KS;Jamaica;PM;F;NH;F2;150;P_150;;24;46;;30;5325;0;0;0;0;0;0;0;0
B1;2;130314;TJ;Nigeria;PM;C;H;CH;151;P_151;;78;38;;29;5427;3;2;821;239;0;0;0;0
B1;2;130314;TJ;Nigeria;PM;M;H;MH;152;P_152;;47;62;;29;5427;0;0;0;0;3;1;901;173
B1;2;130314;TJ;Nigeria;PM;F;H;FH;153;P_153;;48;48;;29;5427;0;0;0;0;0;0;0;0
B1;2;130314;TJ;Nigeria;PM;C;NH;C1;154;P_154;;44;22;;29;5427;2;1;368;102;0;0;0;0
B1;2;130314;TJ;Nigeria;PM;M;NH;M1;155;P_155;;48;65;;29;5427;1;0;295;0;2;0;347;0
B1;2;130314;TJ;Nigeria;PM;F;NH;F1;156;P_156;;11;23;;29;5427;0;0;0;0;0;0;0;0
B1;2;130314;TJ;Nigeria;PM;C;NH;C2;157;P_157;;35;73;;29;5427;0;0;0;0;0;0;0;0
B1;2;130314;TJ;Nigeria;PM;M;NH;M2;158;P_158;;32;21;;29;5427;0;0;0;0;0;0;0;0
B1;2;130314;TJ;Nigeria;PM;F;NH;F2;159;P_159;;33;29;;29;5427;0;0;0;0;0;0;0;0
B1;2;130314;TJ;Nigeria;PM;C;H;CH;160;P_160;;70;51;;29;5427;1;0;312;0;0;0;0;0
B1;2;130314;TJ;Nigeria;PM;M;H;MH;161;P_161;;109;45;;29;5427;0;0;0;0;0;0;0;0
B1;2;130314;TJ;Nigeria;PM;F;H;FH;162;P_162;;51;61;;29;5427;0;0;0;0;0;0;0;0
B1;2;130314;TJ;Nigeria;PM;C;NH;C1;163;P_163;;55;45;;29;5427;1;1;560;234;1;1;1444;845
B1;2;130314;TJ;Nigeria;PM;M;NH;M1;164;P_164;;85;74;;29;5427;0;0;0;0;0;0;0;0
B1;2;130314;TJ;Nigeria;PM;F;NH;F1;165;P_165;;46;14;;29;5427;0;0;0;0;0;0;0;0
B1;2;130314;TJ;Nigeria;PM;C;NH;C2;166;P_166;;34;36;;29;5427;1;0;262;0;1;1;503;143
B1;2;130314;TJ;Nigeria;PM;M;NH;M2;167;P_167;;36;45;;29;5427;0;0;0;0;1;0;171;0
B1;2;130314;TJ;Nigeria;PM;F;NH;F2;168;P_168;;26;31;;29;5427;0;0;0;0;0;0;0;0
B1;2;130314;TJ;Nigeria;PM;C;H;CH;169;P_169;;39;35;;29;5427;0;0;0;0;0;0;0;0
B1;2;130314;TJ;Nigeria;PM;M;H;MH;170;P_170;;115;68;;29;5427;0;0;0;0;1;0;477;0
B1;2;130314;TJ;Nigeria;PM;F;H;FH;171;P_171;;33;77;;29;5427;1;0;146;0;0;0;0;0
B1;2;130314;TJ;Nigeria;PM;C;NH;C1;172;P_172;;30;78;;29;5427;0;0;0;0;0;0;0;0
B1;2;130314;TJ;Nigeria;PM;M;NH;M1;173;P_173;;;;;29;5427;0;0;0;0;0;0;0;0
B1;2;130314;TJ;Nigeria;PM;F;NH;F1;174;P_174;;47;49;;29;5427;0;0;0;0;1;0;238;0
B1;2;130314;TJ;Nigeria;PM;C;NH;C2;175;P_175;;51;34;;29;5427;0;0;0;0;0;0;0;0
B1;2;130314;TJ;Nigeria;PM;M;NH;M2;176;P_176;;24;42;;29;5427;0;0;0;0;1;0;220;0
B1;2;130314;TJ;Nigeria;PM;F;NH;F2;177;P_177;;53;25;;29;5427;0;0;0;0;0;0;0;0
B1;2;130314;TJ;Nigeria;PM;C;H;CH;178;P_178;;52;84;;29;5427;0;0;0;0;2;0;416;0
B1;2;130314;TJ;Nigeria;PM;M;H;MH;179;P_179;;73;68;;29;5427;0;0;0;0;4;0;797;0
B1;2;130314;TJ;Nigeria;PM;F;H;FH;180;P_180;;58;23;;29;5427;0;0;0;0;0;0;0;0
B1;3;180314;NB;France;AM;C;NH;C1;1;;A_1001;68;;31;30;5314;3;0;457;0;0;0;0;0
B1;3;180314;NB;France;AM;M;NH;M1;2;;A_1002;74;;34;30;5314;4;0;747;0;0;0;0;0
B1;3;180314;NB;France;AM;F;NH;F1;3;;A_1003;26;;22;30;5314;3;0;1250;0;0;0;0;0
B1;3;180314;NB;France;AM;C;NH;C2;4;;A_1004;46;;22;30;5314;2;0;550;0;0;0;0;0
B1;3;180314;NB;France;AM;M;NH;M2;5;;A_1005;37;;19;30;5314;2;0;351;0;0;0;0;0
B1;3;180314;NB;France;AM;F;NH;F2;6;;A_1006;73;;29;30;5314;1;0;353;0;1;0;168;0
B1;3;180314;NB;France;AM;C;H;CH;7;;A_1007;59;;24;30;5314;1;0;198;0;0;0;0;0
B1;3;180314;NB;France;AM;M;H;MH;8;;A_1008;75;;18;30;5314;1;1;1014;175;0;0;0;0
B1;3;180314;NB;France;AM;F;H;FH;9;;A_1009;32;;26;30;5314;0;0;0;0;0;0;0;0
B1;3;180314;NB;France;AM;C;NH;C1;10;;A_1010;46;;23;30;5314;4;0;1084;0;0;0;0;0
B1;3;180314;NB;France;AM;M;NH;M1;11;;A_1011;90;;18;30;5314;1;0;188;0;0;0;0;0
B1;3;180314;NB;France;AM;F;NH;F1;12;;A_1012;37;;26;30;5314;0;0;0;0;3;2;1427;478
B1;3;180314;NB;France;AM;C;NH;C2;13;;A_1013;65;;28;30;5314;0;0;0;0;4;0;757;0
B1;3;180314;NB;France;AM;M;NH;M2;14;;A_1014;77;;17;30;5314;1;0;157;0;0;0;0;0
B1;3;180314;NB;France;AM;F;NH;F2;15;;A_1015;45;;30;30;5314;1;0;201;0;0;0;0;0
B1;3;180314;NB;France;AM;C;H;CH;16;;A_1016;67;;40;30;5314;3;0;900;0;2;1;1947;270
B1;3;180314;NB;France;AM;M;H;MH;17;;A_1017;76;;31;30;5314;0;0;0;0;2;1;954;266
B1;3;180314;NB;France;AM;F;H;FH;18;;A_1018;60;;39;30;5314;1;0;184;0;2;0;469;0
B1;3;180314;NB;France;AM;C;NH;C1;19;;A_1019;57;;43;30;5314;0;0;0;0;1;0;152;0
B1;3;180314;NB;France;AM;M;NH;M1;20;;A_1020;59;;33;30;5314;1;0;359;0;0;0;0;0
B1;3;180314;NB;France;AM;F;NH;F1;21;;A_1021;47;;45;30;5314;1;0;745;0;0;0;0;0
B1;3;180314;NB;France;AM;C;NH;C2;22;;A_1022;48;;36;30;5314;1;0;109;0;5;1;1381;377
B1;3;180314;NB;France;AM;M;NH;M2;23;;A_1023;47;;26;30;5314;2;0;354;0;1;0;178;0
B1;3;180314;NB;France;AM;F;NH;F2;24;;A_1024;66;;28;30;5314;0;0;0;0;2;0;1368;0
B1;3;180314;NB;France;AM;C;H;CH;25;;A_1025;88;;32;30;5314;2;1;874;174;1;1;1922;413
B1;3;180314;NB;France;AM;M;H;MH;26;;A_1026;80;;34;30;5314;0;0;0;0;1;1;1181;640
B1;3;180314;NB;France;AM;F;H;FH;27;;A_1027;36;;31;30;5314;0;0;0;0;0;0;0;0
B1;3;180314;NB;France;AM;C;NH;C1;28;;A_1028;;;;30;5314;0;0;0;0;0;0;0;0
B1;3;180314;NB;France;AM;M;NH;M1;29;;A_1029;66;;34;30;5314;2;0;1210;0;1;0;381;0
B1;3;180314;NB;France;AM;F;NH;F1;30;;A_1030;48;;31;30;5314;2;1;1023;686;3;0;558;0
B1;3;180314;KS;Germany;AM;C;NH;C2;31;;A_1031;35;;26;30;5254;1;0;195;0;1;0;367;0
B1;3;180314;KS;Germany;AM;M;NH;M2;32;;A_1032;41;;22;30;5254;3;0;2167;0;0;0;0;0
B1;3;180314;KS;Germany;AM;F;NH;F2;33;;A_1033;82;;26;30;5254;0;0;0;0;0;0;0;0
B1;3;180314;KS;Germany;AM;C;H;CH;34;;A_1034;55;;32;30;5254;1;1;1262;534;1;1;1477;368
B1;3;180314;KS;Germany;AM;M;H;MH;35;;A_1035;;;21;30;5254;2;0;536;0;0;0;0;0
B1;3;180314;KS;Germany;AM;F;H;FH;36;;A_1036;56;;32;30;5254;0;0;0;0;0;0;0;0
B1;3;180314;KS;Germany;AM;C;NH;C1;37;;A_1037;;;;30;5254;0;0;0;0;0;0;0;0
B1;3;180314;KS;Germany;AM;M;NH;M1;38;;A_1038;56;;23;30;5254;0;0;0;0;1;0;1264;0
B1;3;180314;KS;Germany;AM;F;NH;F1;39;;A_1039;52;;14;30;5254;0;0;0;0;0;0;0;0
B1;3;180314;KS;Germany;AM;C;NH;C2;40;;A_1040;53;;26;30;5254;0;0;0;0;0;0;0;0
B1;3;180314;KS;Germany;AM;M;NH;M2;41;;A_1041;52;;22;30;5254;0;0;0;0;0;0;0;0
B1;3;180314;KS;Germany;AM;F;NH;F2;42;;A_1042;52;;24;30;5254;0;0;0;0;3;0;537;0
B1;3;180314;KS;Germany;AM;C;H;CH;43;;A_1043;58;;22;30;5254;0;0;0;0;0;0;0;0
B1;3;180314;KS;Germany;AM;M;H;MH;44;;A_1044;112;;20;30;5254;0;0;0;0;0;0;0;0
B1;3;180314;KS;Germany;AM;F;H;FH;45;;A_1045;69;;51;30;5254;1;0;175;0;0;0;0;0
B1;3;180314;KS;Germany;AM;C;NH;C1;46;;A_1046;60;;36;30;5254;3;0;719;0;0;0;0;0
B1;3;180314;KS;Germany;AM;M;NH;M1;47;;A_1047;48;;41;30;5254;1;0;184;0;1;0;243;0
B1;3;180314;KS;Germany;AM;F;NH;F1;48;;A_1048;38;;28;30;5254;0;0;0;0;2;2;1010;350
B1;3;180314;KS;Germany;AM;C;NH;C2;49;;A_1049;40;;39;30;5254;1;1;1077;181;2;0;702;0
B1;3;180314;KS;Germany;AM;M;NH;M2;50;;A_1050;42;;29;30;5254;0;0;0;0;1;0;179;0
B1;3;180314;KS;Germany;AM;F;NH;F2;51;;A_1051;46;;22;30;5254;0;0;0;0;4;1;1969;703
B1;3;180314;KS;Germany;AM;C;H;CH;52;;A_1052;82;;37;30;5254;1;0;88;0;0;0;0;0
B1;3;180314;KS;Germany;AM;M;H;MH;53;;A_1053;89;;37;30;5254;0;0;0;0;1;0;181;0
B1;3;180314;KS;Germany;AM;F;H;FH;54;;A_1054;;;;30;5254;0;0;0;0;0;0;0;0
B1;3;180314;KS;Germany;AM;C;NH;C1;55;;A_1055;40;;35;30;5254;3;0;720;0;1;0;382;0
B1;3;180314;KS;Germany;AM;M;NH;M1;56;;A_1056;;;;30;5254;0;0;0;0;0;0;0;0
B1;3;180314;KS;Germany;AM;F;NH;F1;57;;A_1057;24;;39;30;5254;0;0;0;0;1;0;187;0
B1;3;180314;KS;Germany;AM;C;NH;C2;58;;A_1058;51;;35;30;5254;0;0;0;0;1;1;1616;357
B1;3;180314;KS;Germany;AM;M;NH;M2;59;;A_1059;34;;26;30;5254;1;1;975;185;4;3;2602;1050
B1;3;180314;KS;Germany;AM;F;NH;F2;60;;A_1060;59;;40;30;5254;1;0;175;0;4;1;1790;411
B1;3;180314;EC;Japan;AM;C;H;CH;61;;A_1061;32;;32;30;5093;0;0;0;0;0;0;0;0
B1;3;180314;EC;Japan;AM;M;H;MH;62;;A_1062;106;;36;30;5093;0;0;0;0;1;0;182;0
B1;3;180314;EC;Japan;AM;F;H;FH;63;;A_1063;47;;24;30;5093;1;0;241;0;0;0;0;0
B1;3;180314;EC;Japan;AM;C;NH;C1;64;;A_1064;47;;25;30;5093;2;1;713;434;3;1;1098;197
B1;3;180314;EC;Japan;AM;M;NH;M1;65;;A_1065;;;;30;5093;0;0;0;0;0;0;0;0
B1;3;180314;EC;Japan;AM;F;NH;F1;66;;A_1066;23;;37;30;5093;0;0;0;0;0;0;0;0
B1;3;180314;EC;Japan;AM;C;NH;C2;67;;A_1067;66;;28;30;5093;1;0;181;0;2;1;623;160
B1;3;180314;EC;Japan;AM;M;NH;M2;68;;A_1068;52;;32;30;5093;0;0;0;0;0;0;0;0
B1;3;180314;EC;Japan;AM;F;NH;F2;69;;A_1069;51;;30;30;5093;3;0;706;0;0;0;0;0
B1;3;180314;EC;Japan;AM;C;H;CH;70;;A_1070;73;;16;30;5093;0;0;0;0;1;0;191;0
B1;3;180314;EC;Japan;AM;M;H;MH;71;;A_1071;107;;19;30;5093;2;0;280;0;0;0;0;0
B1;3;180314;EC;Japan;AM;F;H;FH;72;;A_1072;57;;29;30;5093;0;0;0;0;0;0;0;0
B1;3;180314;EC;Japan;AM;C;NH;C1;73;;A_1073;55;;14;30;5093;0;0;0;0;0;0;0;0
B1;3;180314;EC;Japan;AM;M;NH;M1;74;;A_1074;103;;35;30;5093;0;0;0;0;0;0;0;0
B1;3;180314;EC;Japan;AM;F;NH;F1;75;;A_1075;45;;45;30;5093;0;0;0;0;3;2;930;365
B1;3;180314;EC;Japan;AM;C;NH;C2;76;;A_1076;35;;59;30;5093;2;2;1291;683;4;0;812;0
B1;3;180314;EC;Japan;AM;M;NH;M2;77;;A_1077;55;;23;30;5093;0;0;0;0;2;1;1409;174
B1;3;180314;EC;Japan;AM;F;NH;F2;78;;A_1078;53;;27;30;5093;0;0;0;0;2;0;261;0
B1;3;180314;EC;Japan;AM;C;H;CH;79;;A_1079;54;;34;30;5093;0;0;0;0;1;0;693;0
B1;3;180314;EC;Japan;AM;M;H;MH;80;;A_1080;;;;30;5093;0;0;0;0;0;0;0;0
B1;3;180314;EC;Japan;AM;F;H;FH;81;;A_1081;35;;36;30;5093;0;0;0;0;4;0;625;0
B1;3;180314;EC;Japan;AM;C;NH;C1;82;;A_1082;62;;34;30;5093;2;0;356;0;0;0;0;0
B1;3;180314;EC;Japan;AM;M;NH;M1;83;;A_1083;66;;33;30;5093;0;0;0;0;1;0;225;0
B1;3;180314;EC;Japan;AM;F;NH;F1;84;;A_1084;69;;34;30;5093;4;3;2047;1219;0;0;0;0
B1;3;180314;EC;Japan;AM;C;NH;C2;85;;A_1085;52;;29;30;5093;1;0;211;0;1;0;189;0
B1;3;180314;EC;Japan;AM;M;NH;M2;86;;A_1086;44;;44;30;5093;0;0;0;0;1;0;189;0
B1;3;180314;EC;Japan;AM;F;NH;F2;87;;A_1087;40;;42;30;5093;0;0;0;0;2;0;432;0
B1;3;180314;EC;Japan;AM;C;H;CH;88;;A_1088;64;;38;30;5093;1;1;917;665;1;0;164;0
B1;3;180314;EC;Japan;AM;M;H;MH;89;;A_1089;77;;42;30;5093;0;0;0;0;3;0;841;0
B1;3;180314;EC;Japan;AM;F;H;FH;90;;A_1090;71;;44;30;5093;2;2;1974;1268;1;0;173;0
B1;4;210314;NB;France;AM;C;NH;C1;1;;A_1001;64;;29;30;5311;0;0;0;0;0;0;0;0
B1;4;210314;NB;France;AM;M;NH;M1;2;;A_1002;77;;35;30;5311;0;0;0;0;0;0;0;0
B1;4;210314;NB;France;AM;F;NH;F1;3;;A_1003;26;;23;30;5311;0;0;0;0;0;0;0;0
B1;4;210314;NB;France;AM;C;NH;C2;4;;A_1004;49;;21;30;5311;0;0;0;0;0;0;0;0
B1;4;210314;NB;France;AM;M;NH;M2;5;;A_1005;37;;21;30;5311;0;0;0;0;0;0;0;0
B1;4;210314;NB;France;AM;F;NH;F2;6;;A_1006;73;;27;30;5311;0;0;0;0;4;0;1089;0
B1;4;210314;NB;France;AM;C;H;CH;7;;A_1007;66;;26;30;5311;1;0;182;0;0;0;0;0
B1;4;210314;NB;France;AM;M;H;MH;8;;A_1008;78;;18;30;5311;2;0;508;0;0;0;0;0
B1;4;210314;NB;France;AM;F;H;FH;9;;A_1009;32;;29;30;5311;0;0;0;0;0;0;0;0
B1;4;210314;NB;France;AM;C;NH;C1;10;;A_1010;48;;20;30;5311;0;0;0;0;0;0;0;0
B1;4;210314;NB;France;AM;M;NH;M1;11;;A_1011;94;;16;30;5311;1;0;140;0;0;0;0;0
B1;4;210314;NB;France;AM;F;NH;F1;12;;A_1012;38;;27;30;5311;0;0;0;0;2;2;2342;1663
B1;4;210314;NB;France;AM;C;NH;C2;13;;A_1013;63;;34;30;5311;2;0;427;0;0;0;0;0
B1;4;210314;NB;France;AM;M;NH;M2;14;;A_1014;74;;19;30;5311;0;0;0;0;0;0;0;0
B1;4;210314;NB;France;AM;F;NH;F2;15;;A_1015;47;;29;30;5311;0;0;0;0;1;0;546;0
B1;4;210314;NB;France;AM;C;H;CH;16;;A_1016;70;;43;30;5311;1;0;176;0;0;0;0;0
B1;4;210314;NB;France;AM;M;H;MH;17;;A_1017;77;;35;30;5311;1;0;216;0;1;1;849;98
B1;4;210314;NB;France;AM;F;H;FH;18;;A_1018;62;;39;30;5311;0;0;0;0;1;0;219;0
B1;4;210314;NB;France;AM;C;NH;C1;19;;A_1019;60;;41;30;5311;2;0;365;0;2;0;676;0
B1;4;210314;NB;France;AM;M;NH;M1;20;;A_1020;64;;37;30;5311;0;0;0;0;0;0;0;0
B1;4;210314;NB;France;AM;F;NH;F1;21;;A_1021;51;;45;30;5311;1;0;187;0;0;0;0;0
B1;4;210314;NB;France;AM;C;NH;C2;22;;A_1022;47;;32;30;5311;0;0;0;0;1;1;1627;656
B1;4;210314;NB;France;AM;M;NH;M2;23;;A_1023;51;;29;30;5311;0;0;0;0;1;0;141;0
B1;4;210314;NB;France;AM;F;NH;F2;24;;A_1024;65;;29;30;5311;1;1;1423;1198;1;0;182;0
B1;4;210314;NB;France;AM;C;H;CH;25;;A_1025;92;;29;30;5311;3;0;542;0;0;0;0;0
B1;4;210314;NB;France;AM;M;H;MH;26;;A_1026;81;;37;30;5311;2;0;1683;0;0;0;0;0
B1;4;210314;NB;France;AM;F;H;FH;27;;A_1027;41;;35;30;5311;0;0;0;0;1;0;225;0
B1;4;210314;NB;France;AM;C;NH;C1;28;;A_1028;;;;30;5311;0;0;0;0;0;0;0;0
B1;4;210314;NB;France;AM;M;NH;M1;29;;A_1029;68;;33;30;5311;0;0;0;0;2;0;743;0
B1;4;210314;NB;France;AM;F;NH;F1;30;;A_1030;51;;34;30;5311;0;0;0;0;0;0;0;0
B1;4;210314;KS;Germany;AM;C;NH;C2;31;;A_1031;39;;24;30;5243;0;0;0;0;1;1;813;258
B1;4;210314;KS;Germany;AM;M;NH;M2;32;;A_1032;46;;1;30;5243;1;0;179;0;0;0;0;0
B1;4;210314;KS;Germany;AM;F;NH;F2;33;;A_1033;72;;24;30;5243;4;0;979;0;0;0;0;0
B1;4;210314;KS;Germany;AM;C;H;CH;34;;A_1034;121;;35;30;5243;1;1;1279;359;0;0;0;0
B1;4;210314;KS;Germany;AM;M;H;MH;35;;A_1035;;;19;30;5243;1;0;180;0;0;0;0;0
B1;4;210314;KS;Germany;AM;F;H;FH;36;;A_1036;61;;30;30;5243;0;0;0;0;4;1;2166;354
B1;4;210314;KS;Germany;AM;C;NH;C1;37;;A_1037;;;;30;5243;0;0;0;0;0;0;0;0
B1;4;210314;KS;Germany;AM;M;NH;M1;38;;A_1038;;;21;30;5243;1;0;197;0;0;0;0;0
B1;4;210314;KS;Germany;AM;F;NH;F1;39;;A_1039;58;;;30;5243;0;0;0;0;0;0;0;0
B1;4;210314;KS;Germany;AM;C;NH;C2;40;;A_1040;59;;23;30;5243;0;0;0;0;0;0;0;0
B1;4;210314;KS;Germany;AM;M;NH;M2;41;;A_1041;57;;20;30;5243;0;0;0;0;0;0;0;0
B1;4;210314;KS;Germany;AM;F;NH;F2;42;;A_1042;57;;21;30;5243;0;0;0;0;1;0;358;0
B1;4;210314;KS;Germany;AM;C;H;CH;43;;A_1043;61;;21;30;5243;1;0;187;0;0;0;0;0
B1;4;210314;KS;Germany;AM;M;H;MH;44;;A_1044;122;;18;30;5243;1;0;509;0;0;0;0;0
B1;4;210314;KS;Germany;AM;F;H;FH;45;;A_1045;67;;48;30;5243;0;0;0;0;2;1;1618;885
B1;4;210314;KS;Germany;AM;C;NH;C1;46;;A_1046;64;;38;30;5243;0;0;0;0;0;0;0;0
B1;4;210314;KS;Germany;AM;M;NH;M1;47;;A_1047;49;;38;30;5243;1;0;183;0;0;0;0;0
B1;4;210314;KS;Germany;AM;F;NH;F1;48;;A_1048;41;;28;30;5243;1;0;177;0;0;0;0;0
B1;4;210314;KS;Germany;AM;C;NH;C2;49;;A_1049;42;;41;30;5243;0;0;0;0;0;0;0;0
B1;4;210314;KS;Germany;AM;M;NH;M2;50;;A_1050;45;;29;30;5243;1;0;184;0;1;1;428;92
B1;4;210314;KS;Germany;AM;F;NH;F2;51;;A_1051;45;;22;30;5243;0;0;0;0;0;0;0;0
B1;4;210314;KS;Germany;AM;C;H;CH;52;;A_1052;86;;32;30;5243;1;0;195;0;0;0;0;0
B1;4;210314;KS;Germany;AM;M;H;MH;53;;A_1053;92;;32;30;5243;2;0;378;0;0;0;0;0
B1;4;210314;KS;Germany;AM;F;H;FH;54;;A_1054;;;;30;5243;0;0;0;0;0;0;0;0
B1;4;210314;KS;Germany;AM;C;NH;C1;55;;A_1055;40;;34;30;5243;1;0;167;0;0;0;0;0
B1;4;210314;KS;Germany;AM;M;NH;M1;56;;A_1056;;;;30;5243;0;0;0;0;0;0;0;0
B1;4;210314;KS;Germany;AM;F;NH;F1;57;;A_1057;24;;40;30;5243;0;0;0;0;0;0;0;0
B1;4;210314;KS;Germany;AM;C;NH;C2;58;;A_1058;57;;33;30;5243;1;0;183;0;0;0;0;0
B1;4;210314;KS;Germany;AM;M;NH;M2;59;;A_1059;39;;26;30;5243;1;0;179;0;3;2;2656;1411
B1;4;210314;KS;Germany;AM;F;NH;F2;60;;A_1060;68;;41;30;5243;1;0;191;0;1;0;158;0
B1;4;210314;EC;Japan;AM;C;H;CH;61;;A_1061;32;;31;30;5120;1;0;180;0;1;1;646;344
B1;4;210314;EC;Japan;AM;M;H;MH;62;;A_1062;109;;37;30;5120;0;0;0;0;0;0;0;0
B1;4;210314;EC;Japan;AM;F;H;FH;63;;A_1063;56;;19;30;5120;0;0;0;0;0;0;0;0
B1;4;210314;EC;Japan;AM;C;NH;C1;64;;A_1064;51;;25;30;5120;0;0;0;0;1;0;174;0
B1;4;210314;EC;Japan;AM;M;NH;M1;65;;A_1065;;;;30;5120;0;0;0;0;0;0;0;0
B1;4;210314;EC;Japan;AM;F;NH;F1;66;;A_1066;24;;32;30;5120;0;0;0;0;1;0;416;0
B1;4;210314;EC;Japan;AM;C;NH;C2;67;;A_1067;56;;27;30;5120;0;0;0;0;0;0;0;0
B1;4;210314;EC;Japan;AM;M;NH;M2;68;;A_1068;53;;32;30;5120;0;0;0;0;2;0;590;0
B1;4;210314;EC;Japan;AM;F;NH;F2;69;;A_1069;53;;31;30;5120;0;0;0;0;0;0;0;0
B1;4;210314;EC;Japan;AM;C;H;CH;70;;A_1070;72;;18;30;5120;1;0;126;0;0;0;0;0
B1;4;210314;EC;Japan;AM;M;H;MH;71;;A_1071;114;;19;30;5120;1;0;177;0;0;0;0;0
B1;4;210314;EC;Japan;AM;F;H;FH;72;;A_1072;59;;29;30;5120;0;0;0;0;0;0;0;0
B1;4;210314;EC;Japan;AM;C;NH;C1;73;;A_1073;54;;15;30;5120;0;0;0;0;0;0;0;0
B1;4;210314;EC;Japan;AM;M;NH;M1;74;;A_1074;107;;38;30;5120;1;0;236;0;0;0;0;0
B1;4;210314;EC;Japan;AM;F;NH;F1;75;;A_1075;43;;43;30;5120;1;0;102;0;0;0;0;0
B1;4;210314;EC;Japan;AM;C;NH;C2;76;;A_1076;33;;55;30;5120;0;0;0;0;1;1;347;153
B1;4;210314;EC;Japan;AM;M;NH;M2;77;;A_1077;55;;23;30;5120;1;0;107;0;0;0;0;0
B1;4;210314;EC;Japan;AM;F;NH;F2;78;;A_1078;54;;26;30;5120;0;0;0;0;1;0;97;0
B1;4;210314;EC;Japan;AM;C;H;CH;79;;A_1079;53;;32;30;5120;0;0;0;0;0;0;0;0
B1;4;210314;EC;Japan;AM;M;H;MH;80;;A_1080;;;;30;5120;0;0;0;0;0;0;0;0
B1;4;210314;EC;Japan;AM;F;H;FH;81;;A_1081;37;;35;30;5120;0;0;0;0;2;2;827;510
B1;4;210314;EC;Japan;AM;C;NH;C1;82;;A_1082;66;;33;30;5120;0;0;0;0;1;0;642;0
B1;4;210314;EC;Japan;AM;M;NH;M1;83;;A_1083;51;;32;30;5120;0;0;0;0;0;0;0;0
B1;4;210314;EC;Japan;AM;F;NH;F1;84;;A_1084;66;;32;30;5120;0;0;0;0;4;1;1679;310
B1;4;210314;EC;Japan;AM;C;NH;C2;85;;A_1085;50;;28;30;5120;0;0;0;0;3;2;1444;646
B1;4;210314;EC;Japan;AM;M;NH;M2;86;;A_1086;44;;50;30;5120;0;0;0;0;2;1;811;317
B1;4;210314;EC;Japan;AM;F;NH;F2;87;;A_1087;38;;37;30;5120;0;0;0;0;1;1;1094;346
B1;4;210314;EC;Japan;AM;C;H;CH;88;;A_1088;64;;37;30;5120;1;1;687;328;1;0;249;0
B1;4;210314;EC;Japan;AM;M;H;MH;89;;A_1089;78;;35;30;5120;0;0;0;0;0;0;0;0
B1;4;210314;EC;Japan;AM;F;H;FH;90;;A_1090;67;;38;30;5120;0;0;0;0;1;0;189;0
B2;1;190314;NB;France;AM;C;NH;C1;181;P_181;;42;50;;30;5325;0;0;0;0;2;1;725;179
B2;1;190314;NB;France;AM;M;NH;M1;182;P_182;;62;71;;30;5325;1;1;361;176;1;1;2347;1625
B2;1;190314;NB;France;AM;F;NH;F1;183;P_183;;51;36;;30;5325;4;0;1664;0;2;2;715;342
B2;1;190314;NB;France;AM;C;NH;C2;184;P_184;;65;20;;30;5325;3;0;908;0;1;0;184;0
B2;1;190314;NB;France;AM;M;NH;M2;185;P_185;;;;;30;5325;0;0;0;0;0;0;0;0
B2;1;190314;NB;France;AM;F;NH;F2;186;P_186;;30;18;;30;5325;0;0;0;0;1;0;900;0
B2;1;190314;NB;France;AM;C;H;CH;187;P_187;;27;76;;30;5325;3;2;2644;363;1;1;360;171
B2;1;190314;NB;France;AM;M;H;MH;188;P_188;;29;39;;30;5325;1;0;665;0;1;1;947;381
B2;1;190314;NB;France;AM;F;H;FH;189;P_189;;25;19;;30;5325;1;0;177;0;3;3;4801;1602
B2;1;190314;NB;France;AM;C;NH;C1;190;P_190;;24;51;;30;5325;1;0;259;0;0;0;0;0
B2;1;190314;NB;France;AM;M;NH;M1;191;P_191;;50;20;;30;5325;1;0;499;0;0;0;0;0
B2;1;190314;NB;France;AM;F;NH;F1;192;P_192;;57;29;;30;5325;0;0;0;0;4;1;2563;195
B2;1;190314;NB;France;AM;C;NH;C2;193;P_193;;37;60;;30;5325;0;0;0;0;0;0;0;0
B2;1;190314;NB;France;AM;M;NH;M2;194;P_194;;35;24;;30;5325;0;0;0;0;1;0;561;0
B2;1;190314;NB;France;AM;F;NH;F2;195;P_195;;23;22;;30;5325;0;0;0;0;1;0;172;0
B2;1;190314;NB;France;AM;C;H;CH;196;P_196;;35;75;;30;5325;3;2;1362;740;5;0;832;0
B2;1;190314;NB;France;AM;M;H;MH;197;P_197;;43;13;;30;5325;0;0;0;0;1;0;363;0
B2;1;190314;NB;France;AM;F;H;FH;198;P_198;;17;19;;30;5325;0;0;0;0;1;1;1058;463
B2;1;190314;NB;France;AM;C;NH;C1;199;P_199;;22;52;;30;5325;0;0;0;0;0;0;0;0
B2;1;190314;NB;France;AM;M;NH;M1;200;P_200;;49;86;;30;5325;2;2;3446;2160;1;0;990;0
B2;1;190314;NB;France;AM;F;NH;F1;201;P_201;;45;17;;30;5325;1;0;444;0;1;0;362;0
B2;1;190314;NB;France;AM;C;NH;C2;202;P_202;;31;51;;30;5325;2;1;892;358;5;2;1822;530
B2;1;190314;NB;France;AM;M;NH;M2;203;P_203;;44;31;;30;5325;1;0;244;0;1;1;1119;736
B2;1;190314;NB;France;AM;F;NH;F2;204;P_204;;47;19;;30;5325;2;0;566;0;0;0;0;0
B2;1;190314;NB;France;AM;C;H;CH;205;P_205;;44;39;;30;5325;1;0;527;0;3;2;1076;534
B2;1;190314;NB;France;AM;M;H;MH;206;P_206;;73;36;;30;5325;1;0;169;0;3;3;3828;1870
B2;1;190314;NB;France;AM;F;H;FH;207;P_207;;30;20;;30;5325;1;0;135;0;0;0;0;0
B2;1;190314;NB;France;AM;C;NH;C1;208;P_208;;54;79;;30;5325;2;1;1176;423;1;1;651;446
B2;1;190314;NB;France;AM;M;NH;M1;209;P_209;;51;55;;30;5325;2;1;1543;179;0;0;0;0
B2;1;190314;NB;France;AM;F;NH;F1;210;P_210;;25;19;;30;5325;0;0;0;0;1;0;363;0
B2;1;190314;KS;Germany;AM;C;NH;C2;211;P_211;;42;70;;30;5252;2;0;740;0;3;2;1241;715
B2;1;190314;KS;Germany;AM;M;NH;M2;212;P_212;;27;28;;30;5252;0;0;0;0;1;1;456;272
B2;1;190314;KS;Germany;AM;F;NH;F2;213;P_213;;69;21;;30;5252;1;1;722;180;2;0;2522;0
B2;1;190314;KS;Germany;AM;C;H;CH;214;P_214;;42;69;;30;5252;1;1;728;358;1;1;2867;362
B2;1;190314;KS;Germany;AM;M;H;MH;215;P_215;;58;47;;30;5252;2;2;2422;1805;1;1;894;360
B2;1;190314;KS;Germany;AM;F;H;FH;216;P_216;;55;21;;30;5252;1;1;286;179;2;0;528;0
B2;1;190314;KS;Germany;AM;C;NH;C1;217;P_217;;34;61;;30;5252;0;0;0;0;1;1;737;362
B2;1;190314;KS;Germany;AM;M;NH;M1;218;P_218;;50;89;;30;5252;3;1;2081;627;0;0;0;0
B2;1;190314;KS;Germany;AM;F;NH;F1;219;P_219;;44;19;;30;5252;1;1;893;509;0;0;0;0
B2;1;190314;KS;Germany;AM;C;NH;C2;220;P_220;;16;38;;30;5252;1;1;1445;545;2;0;539;0
B2;1;190314;KS;Germany;AM;M;NH;M2;221;P_221;;30;14;;30;5252;4;1;1173;174;0;0;0;0
B2;1;190314;KS;Germany;AM;F;NH;F2;222;P_222;;56;17;;30;5252;0;0;0;0;0;0;0;0
B2;1;190314;KS;Germany;AM;C;H;CH;223;P_223;;40;89;;30;5252;3;1;1778;577;1;0;310;0
B2;1;190314;KS;Germany;AM;M;H;MH;224;P_224;;41;27;;30;5252;3;1;659;176;1;0;113;0
B2;1;190314;KS;Germany;AM;F;H;FH;225;P_225;;36;;;30;5252;0;0;0;0;0;0;0;0
B2;1;190314;KS;Germany;AM;C;NH;C1;226;P_226;;33;65;;30;5252;0;0;0;0;0;0;0;0
B2;1;190314;KS;Germany;AM;M;NH;M1;227;P_227;;31;60;;30;5252;2;1;1080;174;2;1;2168;536
B2;1;190314;KS;Germany;AM;F;NH;F1;228;P_228;;66;16;;30;5252;1;0;182;0;0;0;0;0
B2;1;190314;KS;Germany;AM;C;NH;C2;229;P_229;;45;43;;30;5252;5;2;2154;1098;2;0;546;0
B2;1;190314;KS;Germany;AM;M;NH;M2;230;P_230;;33;36;;30;5252;0;0;0;0;0;0;0;0
B2;1;190314;KS;Germany;AM;F;NH;F2;231;P_231;;26;14;;30;5252;0;0;0;0;0;0;0;0
B2;1;190314;KS;Germany;AM;C;H;CH;232;P_232;;42;45;;30;5252;1;1;548;363;2;1;891;353
B2;1;190314;KS;Germany;AM;M;H;MH;233;P_233;;31;29;;30;5252;1;0;176;0;2;0;533;0
B2;1;190314;KS;Germany;AM;F;H;FH;234;P_234;;44;;;30;5252;0;0;0;0;0;0;0;0
B2;1;190314;KS;Germany;AM;C;NH;C1;235;P_235;;46;64;;30;5252;0;0;0;0;0;0;0;0
B2;1;190314;KS;Germany;AM;M;NH;M1;236;P_236;;58;86;;30;5252;0;0;0;0;0;0;0;0
B2;1;190314;KS;Germany;AM;F;NH;F1;237;P_237;;36;54;;30;5252;2;0;361;0;1;1;892;528
B2;1;190314;KS;Germany;AM;C;NH;C2;238;P_238;;40;32;;30;5252;1;0;175;0;0;0;0;0
B2;1;190314;KS;Germany;AM;M;NH;M2;239;P_239;;26;18;;30;5252;2;1;1087;175;0;0;0;0
B2;1;190314;KS;Germany;AM;F;NH;F2;240;P_240;;19;22;;30;5252;0;0;0;0;0;0;0;0
B2;1;190314;EC;Japan;AM;C;H;CH;241;P_241;;35;37;;30;5315;3;2;1394;627;2;0;753;0
B2;1;190314;EC;Japan;AM;M;H;MH;242;P_242;;44;40;;30;5315;3;0;534;0;3;2;874;279
B2;1;190314;EC;Japan;AM;F;H;FH;243;P_243;;46;30;;30;5315;0;0;0;0;1;0;204;0
B2;1;190314;EC;Japan;AM;C;NH;C1;244;P_244;;42;92;;30;5315;0;0;0;0;3;1;735;185
B2;1;190314;EC;Japan;AM;M;NH;M1;245;P_245;;75;91;;30;5315;0;0;0;0;2;0;386;0
B2;1;190314;EC;Japan;AM;F;NH;F1;246;P_246;;51;23;;30;5315;0;0;0;0;1;0;159;0
B2;1;190314;EC;Japan;AM;C;NH;C2;247;P_247;;21;27;;30;5315;0;0;0;0;3;0;714;0
B2;1;190314;EC;Japan;AM;M;NH;M2;248;P_248;;32;14;;30;5315;0;0;0;0;0;0;0;0
B2;1;190314;EC;Japan;AM;F;NH;F2;249;P_249;;27;13;;30;5315;0;0;0;0;0;0;0;0
B2;1;190314;EC;Japan;AM;C;H;CH;250;P_250;;17;100;;30;5315;3;0;1063;0;2;0;399;0
B2;1;190314;EC;Japan;AM;M;H;MH;251;P_251;;35;22;;30;5315;1;0;185;0;0;0;0;0
B2;1;190314;EC;Japan;AM;F;H;FH;252;P_252;;36;;;30;5315;0;0;0;0;0;0;0;0
B2;1;190314;EC;Japan;AM;C;NH;C1;253;P_253;;37;49;;30;5315;0;0;0;0;0;0;0;0
B2;1;190314;EC;Japan;AM;M;NH;M1;254;P_254;;58;27;;30;5315;5;0;910;0;0;0;0;0
B2;1;190314;EC;Japan;AM;F;NH;F1;255;P_255;;44;26;;30;5315;0;0;0;0;0;0;0;0
B2;1;190314;EC;Japan;AM;C;NH;C2;256;P_256;;34;24;;30;5315;1;0;191;0;0;0;0;0
B2;1;190314;EC;Japan;AM;M;NH;M2;257;P_257;;42;22;;30;5315;0;0;0;0;0;0;0;0
B2;1;190314;EC;Japan;AM;F;NH;F2;258;P_258;;32;14;;30;5315;0;0;0;0;0;0;0;0
B2;1;190314;EC;Japan;AM;C;H;CH;259;P_259;;55;44;;30;5315;1;1;1054;683;6;1;2016;777
B2;1;190314;EC;Japan;AM;M;H;MH;260;P_260;;44;102;;30;5315;1;1;1308;536;0;0;0;0
B2;1;190314;EC;Japan;AM;F;H;FH;261;P_261;;33;16;;30;5315;2;0;272;0;1;0;246;0
B2;1;190314;EC;Japan;AM;C;NH;C1;262;P_262;;62;60;;30;5315;3;0;424;0;1;1;550;160
B2;1;190314;EC;Japan;AM;M;NH;M1;263;P_263;;53;43;;30;5315;0;0;0;0;0;0;0;0
B2;1;190314;EC;Japan;AM;F;NH;F1;264;P_264;;37;21;;30;5315;0;0;0;0;1;1;404;220
B2;1;190314;EC;Japan;AM;C;NH;C2;265;P_265;;27;10;;30;5315;2;1;526;198;1;0;363;0
B2;1;190314;EC;Japan;AM;M;NH;M2;266;P_266;;65;19;;30;5315;0;0;0;0;2;0;363;0
B2;1;190314;EC;Japan;AM;F;NH;F2;267;P_267;;71;26;;30;5315;0;0;0;0;2;1;1780;1074
B2;1;190314;EC;Japan;AM;C;H;CH;268;P_268;;40;26;;30;5315;1;1;487;135;0;0;0;0
B2;1;190314;EC;Japan;AM;M;H;MH;269;P_269;;32;53;;30;5315;0;0;0;0;2;0;539;0
B2;1;190314;EC;Japan;AM;F;H;FH;270;P_270;;24;56;;30;5315;0;0;0;0;1;1;1129;559
B2;1;190314;NB;Argentina;PM;C;NH;C1;271;P_271;;38;60;;30;5287;1;0;290;0;0;0;0;0
B2;1;190314;NB;Argentina;PM;M;NH;M1;272;P_272;;83;78;;30;5287;0;0;0;0;1;0;357;0
B2;1;190314;NB;Argentina;PM;F;NH;F1;273;P_273;;34;22;;30;5287;2;0;287;0;1;0;180;0
B2;1;190314;NB;Argentina;PM;C;NH;C2;274;P_274;;71;88;;30;5287;0;0;0;0;0;0;0;0
B2;1;190314;NB;Argentina;PM;M;NH;M2;275;P_275;;34;13;;30;5287;0;0;0;0;2;1;1111;149
B2;1;190314;NB;Argentina;PM;F;NH;F2;276;P_276;;26;20;;30;5287;2;1;1091;535;0;0;0;0
B2;1;190314;NB;Argentina;PM;C;H;CH;277;P_277;;50;41;;30;5287;1;1;379;181;2;1;850;189
B2;1;190314;NB;Argentina;PM;M;H;MH;278;P_278;;21;20;;30;5287;0;0;0;0;0;0;0;0
B2;1;190314;NB;Argentina;PM;F;H;FH;279;P_279;;45;14;;30;5287;1;0;199;0;0;0;0;0
B2;1;190314;NB;Argentina;PM;C;NH;C1;280;P_280;;39;68;;30;5287;2;2;2655;1274;2;0;690;0
B2;1;190314;NB;Argentina;PM;M;NH;M1;281;P_281;;58;80;;30;5287;0;0;0;0;0;0;0;0
B2;1;190314;NB;Argentina;PM;F;NH;F1;282;P_282;;36;40;;30;5287;0;0;0;0;0;0;0;0
B2;1;190314;NB;Argentina;PM;C;NH;C2;283;P_283;;29;25;;30;5287;1;1;524;324;0;0;0;0
B2;1;190314;NB;Argentina;PM;M;NH;M2;284;P_284;;45;20;;30;5287;1;0;159;0;0;0;0;0
B2;1;190314;NB;Argentina;PM;F;NH;F2;285;P_285;;77;29;;30;5287;1;0;171;0;0;0;0;0
B2;1;190314;NB;Argentina;PM;C;H;CH;286;P_286;;44;71;;30;5287;3;2;1290;690;1;0;183;0
B2;1;190314;NB;Argentina;PM;M;H;MH;287;P_287;;40;22;;30;5287;1;0;349;0;0;0;0;0
B2;1;190314;NB;Argentina;PM;F;H;FH;288;P_288;;41;43;;30;5287;0;0;0;0;0;0;0;0
B2;1;190314;NB;Argentina;PM;C;NH;C1;289;P_289;;51;44;;30;5287;2;0;260;0;3;2;1970;1236
B2;1;190314;NB;Argentina;PM;M;NH;M1;290;P_290;;39;37;;30;5287;0;0;0;0;2;0;335;0
B2;1;190314;NB;Argentina;PM;F;NH;F1;291;P_291;;26;24;;30;5287;0;0;0;0;0;0;0;0
B2;1;190314;NB;Argentina;PM;C;NH;C2;292;P_292;;44;16;;30;5287;2;0;565;0;0;0;0;0
B2;1;190314;NB;Argentina;PM;M;NH;M2;293;P_293;;47;17;;30;5287;0;0;0;0;1;1;1947;1085
B2;1;190314;NB;Argentina;PM;F;NH;F2;294;P_294;;40;35;;30;5287;3;1;1216;136;2;0;565;0
B2;1;190314;NB;Argentina;PM;C;H;CH;295;P_295;;32;74;;30;5287;3;1;2871;1272;2;1;852;392
B2;1;190314;NB;Argentina;PM;M;H;MH;296;P_296;;36;22;;30;5287;1;1;606;447;3;1;1484;544
B2;1;190314;NB;Argentina;PM;F;H;FH;297;P_297;;31;29;;30;5287;0;0;0;0;0;0;0;0
B2;1;190314;NB;Argentina;PM;C;NH;C1;298;P_298;;42;39;;30;5287;3;3;2479;1353;1;0;145;0
B2;1;190314;NB;Argentina;PM;M;NH;M1;299;P_299;;61;86;;30;5287;1;1;1375;675;2;0;1288;0
B2;1;190314;NB;Argentina;PM;F;NH;F1;300;P_300;;43;45;;30;5287;0;0;0;0;1;1;1465;525
B2;1;190314;KS;Jamaica;PM;C;NH;C2;301;P_301;;26;22;;29;5291;1;0;179;0;0;0;0;0
B2;1;190314;KS;Jamaica;PM;M;NH;M1;302;P_302;;53;56;;29;5291;2;0;630;0;1;0;536;0
B2;1;190314;KS;Jamaica;PM;F;NH;F2;303;P_303;;29;33;;29;5291;0;0;0;0;0;0;0;0
B2;1;190314;KS;Jamaica;PM;C;H;CH;304;P_304;;45;59;;29;5291;1;0;467;0;1;0;181;0
B2;1;190314;KS;Jamaica;PM;M;H;MH;305;P_305;;32;36;;29;5291;1;0;96;0;2;0;358;0
B2;1;190314;KS;Jamaica;PM;F;H;FH;306;P_306;;52;41;;29;5291;1;1;714;359;1;0;189;0
B2;1;190314;KS;Jamaica;PM;C;NH;C1;307;P_307;;44;58;;29;5291;0;0;0;0;0;0;0;0
B2;1;190314;KS;Jamaica;PM;M;NH;M1;308;P_308;;47;29;;29;5291;0;0;0;0;0;0;0;0
B2;1;190314;KS;Jamaica;PM;F;NH;F1;309;P_309;;43;23;;29;5291;0;0;0;0;1;1;894;359
B2;1;190314;KS;Jamaica;PM;C;NH;C2;310;P_310;;71;32;;29;5291;1;1;346;165;0;0;0;0
B2;1;190314;KS;Jamaica;PM;M;NH;M2;311;P_311;;31;16;;29;5291;0;0;0;0;0;0;0;0
B2;1;190314;KS;Jamaica;PM;F;NH;F2;312;P_312;;32;22;;29;5291;2;1;549;182;2;0;2079;0
B2;1;190314;KS;Jamaica;PM;C;H;CH;313;P_313;;49;60;;29;5291;0;0;0;0;1;1;1878;1523
B2;1;190314;KS;Jamaica;PM;M;H;MH;314;P_314;;44;48;;29;5291;2;1;1632;892;3;0;714;0
B2;1;190314;KS;Jamaica;PM;F;H;FH;315;P_315;;59;34;;29;5291;0;0;0;0;1;0;187;0
B2;1;190314;KS;Jamaica;PM;C;NH;C1;316;P_316;;55;58;;29;5291;1;1;295;103;2;1;1102;361
B2;1;190314;KS;Jamaica;PM;M;NH;M1;317;P_317;;65;103;;29;5291;0;0;0;0;2;0;534;0
B2;1;190314;KS;Jamaica;PM;F;NH;F1;318;P_318;;54;46;;29;5291;0;0;0;0;1;0;176;0
B2;1;190314;KS;Jamaica;PM;C;NH;C2;319;P_319;;31;36;;29;5291;0;0;0;0;0;0;0;0
B2;1;190314;KS;Jamaica;PM;M;NH;M2;320;P_320;;31;12;;29;5291;0;0;0;0;0;0;0;0
B2;1;190314;KS;Jamaica;PM;F;NH;F2;321;P_321;;42;14;;29;5291;0;0;0;0;0;0;0;0
B2;1;190314;KS;Jamaica;PM;C;H;CH;322;P_322;;79;74;;29;5291;1;1;2163;1423;1;1;1034;347
B2;1;190314;KS;Jamaica;PM;M;H;MH;323;P_323;;49;54;;29;5291;1;0;166;0;2;0;345;0
B2;1;190314;KS;Jamaica;PM;F;H;FH;324;P_324;;72;29;;29;5291;0;0;0;0;2;0;479;0
B2;1;190314;KS;Jamaica;PM;C;NH;C1;325;P_325;;63;44;;29;5291;0;0;0;0;2;1;2079;154
B2;1;190314;KS;Jamaica;PM;M;NH;M2;326;P_326;;47;86;;29;5291;0;0;0;0;0;0;0;0
B2;1;190314;KS;Jamaica;PM;F;NH;F1;327;P_327;;55;15;;29;5291;0;0;0;0;0;0;0;0
B2;1;190314;KS;Jamaica;PM;C;NH;C2;328;P_328;;44;35;;29;5291;2;1;930;380;1;0;187;0
B2;1;190314;KS;Jamaica;PM;M;NH;M2;329;P_329;;29;22;;29;5291;0;0;0;0;1;0;175;0
B2;1;190314;KS;Jamaica;PM;F;NH;F2;330;P_330;;42;29;;29;5291;2;1;1209;733;0;0;0;0
B2;1;190314;EC;Nigeria;PM;C;H;CH;331;P_331;;58;76;;30;5346;2;1;1097;324;0;0;0;0
B2;1;190314;EC;Nigeria;PM;M;H;MH;332;P_332;;37;34;;30;5346;1;1;343;164;1;1;737;377
B2;1;190314;EC;Nigeria;PM;F;H;FH;333;P_333;;39;13;;30;5346;0;0;0;0;0;0;0;0
B2;1;190314;EC;Nigeria;PM;C;NH;C1;334;P_334;;66;86;;30;5346;3;1;1072;344;4;3;1439;694
B2;1;190314;EC;Nigeria;PM;M;NH;M1;335;P_335;;51;111;;30;5346;1;0;213;0;1;0;181;0
B2;1;190314;EC;Nigeria;PM;F;NH;F1;336;P_336;;41;27;;30;5346;0;0;0;0;0;0;0;0
B2;1;190314;EC;Nigeria;PM;C;NH;C2;337;P_337;;20;17;;30;5346;1;1;406;216;0;0;0;0
B2;1;190314;EC;Nigeria;PM;M;NH;M2;338;P_338;;29;10;;30;5346;0;0;0;0;0;0;0;0
B2;1;190314;EC;Nigeria;PM;F;NH;F2;339;P_339;;23;42;;30;5346;0;0;0;0;0;0;0;0
B2;1;190314;EC;Nigeria;PM;C;H;CH;340;P_340;;45;49;;30;5346;1;1;693;310;1;1;692;181
B2;1;190314;EC;Nigeria;PM;M;H;MH;341;P_341;;39;43;;30;5346;3;0;506;0;0;0;0;0
B2;1;190314;EC;Nigeria;PM;F;H;FH;342;P_342;;47;48;;30;5346;1;0;142;0;0;0;0;0
B2;1;190314;EC;Nigeria;PM;C;NH;C1;343;P_343;;37;69;;30;5346;2;0;372;0;0;0;0;0
B2;1;190314;EC;Nigeria;PM;M;NH;M1;344;P_344;;50;49;;30;5346;2;1;936;429;0;0;0;0
B2;1;190314;EC;Nigeria;PM;F;NH;F1;345;P_345;;63;24;;30;5346;3;0;523;0;1;0;362;0
B2;1;190314;EC;Nigeria;PM;C;NH;C2;346;P_346;;26;25;;30;5346;3;0;700;0;4;1;1635;202
B2;1;190314;EC;Nigeria;PM;M;NH;M2;347;P_347;;38;40;;30;5346;4;1;876;191;0;0;0;0
B2;1;190314;EC;Nigeria;PM;F;NH;F2;348;P_348;;26;19;;30;5346;1;1;403;208;0;0;0;0
B2;1;190314;EC;Nigeria;PM;C;H;CH;349;P_349;;55;55;;30;5346;1;0;136;0;1;1;1135;714
B2;1;190314;EC;Nigeria;PM;M;H;MH;350;P_350;;;;;30;5346;0;0;0;0;0;0;0;0
B2;1;190314;EC;Nigeria;PM;F;H;FH;351;P_351;;38;11;;30;5346;1;0;163;0;0;0;0;0
B2;1;190314;EC;Nigeria;PM;C;NH;C1;352;P_352;;32;57;;30;5346;0;0;0;0;1;1;738;203
B2;1;190314;EC;Nigeria;PM;M;NH;M1;353;P_353;;39;22;;30;5346;0;0;0;0;0;0;0;0
B2;1;190314;EC;Nigeria;PM;F;NH;F1;354;P_354;;48;31;;30;5346;3;1;1220;135;3;1;1084;316
B2;1;190314;EC;Nigeria;PM;C;NH;C2;355;P_355;;46;60;;30;5346;0;0;0;0;0;0;0;0
B2;1;190314;EC;Nigeria;PM;M;NH;M2;356;P_356;;;;;30;5346;0;0;0;0;0;0;0;0
B2;1;190314;EC;Nigeria;PM;F;NH;F2;357;P_357;;52;11;;30;5346;0;0;0;0;0;0;0;0
B2;1;190314;EC;Nigeria;PM;C;H;CH;358;P_358;;30;34;;30;5346;0;0;0;0;8;2;2485;893
B2;1;190314;EC;Nigeria;PM;M;H;MH;359;P_359;;;;;30;5346;0;0;0;0;0;0;0;0
B2;1;190314;EC;Nigeria;PM;F;H;FH;360;P_360;;34;18;;30;5346;0;0;0;0;2;0;332;0
B2;2;200314;NB;France;AM;C;NH;C1;181;P_181;;38;48;;30;5189;3;1;915;463;0;0;0;0
B2;2;200314;NB;France;AM;M;NH;M1;182;P_182;;58;57;;30;5189;1;1;826;341;0;0;0;0
B2;2;200314;NB;France;AM;F;NH;F1;183;P_183;;49;33;;30;5189;0;0;0;0;0;0;0;0
B2;2;200314;NB;France;AM;C;NH;C2;184;P_184;;67;18;;30;5189;2;0;266;0;1;0;98;0
B2;2;200314;NB;France;AM;M;NH;M2;185;P_185;;;;;30;5189;0;0;0;0;0;0;0;0
B2;2;200314;NB;France;AM;F;NH;F2;186;P_186;;31;19;;30;5189;0;0;0;0;0;0;0;0
B2;2;200314;NB;France;AM;C;H;CH;187;P_187;;28;72;;30;5189;1;0;93;0;1;1;342;145
B2;2;200314;NB;France;AM;M;H;MH;188;P_188;;37;31;;30;5189;1;0;196;0;1;1;991;434
B2;2;200314;NB;France;AM;F;H;FH;189;P_189;;24;18;;30;5189;2;0;219;0;1;0;161;0
B2;2;200314;NB;France;AM;C;NH;C1;190;P_190;;23;51;;30;5189;1;0;176;0;3;0;896;0
B2;2;200314;NB;France;AM;M;NH;M1;191;P_191;;51;19;;30;5189;1;0;175;0;0;0;0;0
B2;2;200314;NB;France;AM;F;NH;F1;192;P_192;;60;26;;30;5189;0;0;0;0;3;0;455;0
B2;2;200314;NB;France;AM;C;NH;C2;193;P_193;;;50;;30;5189;0;0;0;0;0;0;0;0
B2;2;200314;NB;France;AM;M;NH;M2;194;P_194;;36;24;;30;5189;0;0;0;0;0;0;0;0
B2;2;200314;NB;France;AM;F;NH;F2;195;P_195;;24;18;;30;5189;0;0;0;0;0;0;0;0
B2;2;200314;NB;France;AM;C;H;CH;196;P_196;;33;67;;30;5189;0;0;0;0;3;1;688;135
B2;2;200314;NB;France;AM;M;H;MH;197;P_197;;40;13;;30;5189;0;0;0;0;1;0;114;0
B2;2;200314;NB;France;AM;F;H;FH;198;P_198;;18;19;;30;5189;0;0;0;0;4;3;1228;345
B2;2;200314;NB;France;AM;C;NH;C1;199;P_199;;;49;;30;5189;0;0;0;0;0;0;0;0
B2;2;200314;NB;France;AM;M;NH;M1;200;P_200;;50;75;;30;5189;1;0;160;0;1;0;444;0
B2;2;200314;NB;France;AM;F;NH;F1;201;P_201;;44;15;;30;5189;2;0;399;0;1;0;141;0
B2;2;200314;NB;France;AM;C;NH;C2;202;P_202;;27;42;;30;5189;0;0;0;0;2;1;843;309
B2;2;200314;NB;France;AM;M;NH;M2;203;P_203;;46;29;;30;5189;0;0;0;0;0;0;0;0
B2;2;200314;NB;France;AM;F;NH;F2;204;P_204;;45;20;;30;5189;3;0;446;0;0;0;0;0
B2;2;200314;NB;France;AM;C;H;CH;205;P_205;;41;38;;30;5189;0;0;0;0;2;1;982;501
B2;2;200314;NB;France;AM;M;H;MH;206;P_206;;69;37;;30;5189;0;0;0;0;2;0;377;0
B2;2;200314;NB;France;AM;F;H;FH;207;P_207;;29;20;;30;5189;0;0;0;0;0;0;0;0
B2;2;200314;NB;France;AM;C;NH;C1;208;P_208;;50;73;;30;5189;2;1;697;182;2;1;722;351
B2;2;200314;NB;France;AM;M;NH;M1;209;P_209;;49;48;;30;5189;1;0;203;0;0;0;0;0
B2;2;200314;NB;France;AM;F;NH;F1;210;P_210;;25;21;;30;5189;1;0;182;0;2;0;550;0
B2;2;200314;KS;Germany;AM;C;NH;C2;211;P_211;;34;58;;30;5335;0;0;0;0;0;0;0;0
B2;2;200314;KS;Germany;AM;M;NH;M2;212;P_212;;24;25;;30;5335;0;0;0;0;2;1;1358;912
B2;2;200314;KS;Germany;AM;F;NH;F2;213;P_213;;57;20;;30;5335;1;0;366;0;1;0;173;0
B2;2;200314;KS;Germany;AM;C;H;CH;214;P_214;;35;68;;30;5335;1;0;183;0;1;0;170;0
B2;2;200314;KS;Germany;AM;M;H;MH;215;P_215;;53;46;;30;5335;4;1;1618;370;0;0;0;0
B2;2;200314;KS;Germany;AM;F;H;FH;216;P_216;;53;23;;30;5335;0;0;0;0;0;0;0;0
B2;2;200314;KS;Germany;AM;C;NH;C1;217;P_217;;34;51;;30;5335;0;0;0;0;0;0;0;0
B2;2;200314;KS;Germany;AM;M;NH;M1;218;P_218;;44;75;;30;5335;1;1;1350;545;1;0;895;0
B2;2;200314;KS;Germany;AM;F;NH;F1;219;P_219;;38;20;;30;5335;0;0;0;0;0;0;0;0
B2;2;200314;KS;Germany;AM;C;NH;C2;220;P_220;;16;35;;30;5335;0;0;0;0;2;0;532;0
B2;2;200314;KS;Germany;AM;M;NH;M2;221;P_221;;27;16;;30;5335;2;1;816;184;0;0;0;0
B2;2;200314;KS;Germany;AM;F;NH;F2;222;P_222;;51;17;;30;5335;0;0;0;0;0;0;0;0
B2;2;200314;KS;Germany;AM;C;H;CH;223;P_223;;38;81;;30;5335;0;0;0;0;1;1;565;167
B2;2;200314;KS;Germany;AM;M;H;MH;224;P_224;;40;32;;30;5335;0;0;0;0;0;0;0;0
B2;2;200314;KS;Germany;AM;F;H;FH;225;P_225;;;;;30;5335;0;0;0;0;0;0;0;0
B2;2;200314;KS;Germany;AM;C;NH;C1;226;P_226;;29;59;;30;5335;0;0;0;0;0;0;0;0
B2;2;200314;KS;Germany;AM;M;NH;M1;227;P_227;;54;54;;30;5335;1;0;131;0;1;1;1381;724
B2;2;200314;KS;Germany;AM;F;NH;F1;228;P_228;;35;18;;30;5335;0;0;0;0;2;0;390;0
B2;2;200314;KS;Germany;AM;C;NH;C2;229;P_229;;31;46;;30;5335;2;2;2102;1437;2;0;357;0
B2;2;200314;KS;Germany;AM;M;NH;M2;230;P_230;;32;35;;30;5335;0;0;0;0;0;0;0;0
B2;2;200314;KS;Germany;AM;F;NH;F2;231;P_231;;26;14;;30;5335;0;0;0;0;0;0;0;0
B2;2;200314;KS;Germany;AM;C;H;CH;232;P_232;;41;41;;30;5335;1;0;183;0;1;1;713;353
B2;2;200314;KS;Germany;AM;M;H;MH;233;P_233;;31;29;;30;5335;0;0;0;0;2;0;664;0
B2;2;200314;KS;Germany;AM;F;H;FH;234;P_234;;;;;30;5335;0;0;0;0;0;0;0;0
B2;2;200314;KS;Germany;AM;C;NH;C1;235;P_235;;44;61;;30;5335;1;0;187;0;1;0;179;0
B2;2;200314;KS;Germany;AM;M;NH;M1;236;P_236;;45;77;;30;5335;0;0;0;0;1;0;161;0
B2;2;200314;KS;Germany;AM;F;NH;F1;237;P_237;;35;53;;30;5335;0;0;0;0;2;2;660;370
B2;2;200314;KS;Germany;AM;C;NH;C2;238;P_238;;40;32;;30;5335;2;0;288;0;0;0;0;0
B2;2;200314;KS;Germany;AM;M;NH;M2;239;P_239;;21;19;;30;5335;0;0;0;0;0;0;0;0
B2;2;200314;KS;Germany;AM;F;NH;F2;240;P_240;;20;22;;30;5335;0;0;0;0;0;0;0;0
B2;2;200314;EC;Japan;AM;C;H;CH;241;P_241;;37;32;;30;5337;1;1;465;251;2;0;737;0
B2;2;200314;EC;Japan;AM;M;H;MH;242;P_242;;49;39;;30;5337;1;0;173;0;0;0;0;0
B2;2;200314;EC;Japan;AM;F;H;FH;243;P_243;;42;30;;30;5337;0;0;0;0;0;0;0;0
B2;2;200314;EC;Japan;AM;C;NH;C1;244;P_244;;40;82;;30;5337;0;0;0;0;1;1;586;219
B2;2;200314;EC;Japan;AM;M;NH;M1;245;P_245;;69;88;;30;5337;0;0;0;0;0;0;0;0
B2;2;200314;EC;Japan;AM;F;NH;F1;246;P_246;;45;22;;30;5337;2;1;966;183;0;0;0;0
B2;2;200314;EC;Japan;AM;C;NH;C2;247;P_247;;20;24;;30;5337;1;0;98;0;1;0;191;0
B2;2;200314;EC;Japan;AM;M;NH;M2;248;P_248;;30;13;;30;5337;0;0;0;0;1;0;98;0
B2;2;200314;EC;Japan;AM;F;NH;F2;249;P_249;;25;13;;30;5337;0;0;0;0;0;0;0;0
B2;2;200314;EC;Japan;AM;C;H;CH;250;P_250;;17;95;;30;5337;1;0;200;0;3;1;740;167
B2;2;200314;EC;Japan;AM;M;H;MH;251;P_251;;33;22;;30;5337;0;0;0;0;0;0;0;0
B2;2;200314;EC;Japan;AM;F;H;FH;252;P_252;;;;;30;5337;0;0;0;0;0;0;0;0
B2;2;200314;EC;Japan;AM;C;NH;C1;253;P_253;;34;46;;30;5337;1;0;205;0;0;0;0;0
B2;2;200314;EC;Japan;AM;M;NH;M1;254;P_254;;53;27;;30;5337;0;0;0;0;0;0;0;0
B2;2;200314;EC;Japan;AM;F;NH;F1;255;P_255;;39;25;;30;5337;0;0;0;0;2;0;356;0
B2;2;200314;EC;Japan;AM;C;NH;C2;256;P_256;;31;24;;30;5337;2;1;603;158;3;0;478;0
B2;2;200314;EC;Japan;AM;M;NH;M2;257;P_257;;40;18;;30;5337;2;0;218;0;0;0;0;0
B2;2;200314;EC;Japan;AM;F;NH;F2;258;P_258;;30;12;;30;5337;0;0;0;0;0;0;0;0
B2;2;200314;EC;Japan;AM;C;H;CH;259;P_259;;50;43;;30;5337;2;1;952;526;0;0;0;0
B2;2;200314;EC;Japan;AM;M;H;MH;260;P_260;;39;98;;30;5337;0;0;0;0;1;0;226;0
B2;2;200314;EC;Japan;AM;F;H;FH;261;P_261;;30;15;;30;5337;0;0;0;0;0;0;0;0
B2;2;200314;EC;Japan;AM;C;NH;C1;262;P_262;;55;56;;30;5337;1;1;2197;896;4;1;854;180
B2;2;200314;EC;Japan;AM;M;NH;M1;263;P_263;;51;34;;30;5337;1;1;1154;429;1;1;488;294
B2;2;200314;EC;Japan;AM;F;NH;F1;264;P_264;;35;18;;30;5337;2;0;508;0;0;0;0;0
B2;2;200314;EC;Japan;AM;C;NH;C2;265;P_265;;24;9;;30;5337;1;0;222;0;1;0;353;0
B2;2;200314;EC;Japan;AM;M;NH;M2;266;P_266;;58;18;;30;5337;1;0;235;0;0;0;0;0
B2;2;200314;EC;Japan;AM;F;NH;F2;267;P_267;;68;23;;30;5337;1;0;323;0;0;0;0;0
B2;2;200314;EC;Japan;AM;C;H;CH;268;P_268;;41;24;;30;5337;3;1;694;173;1;0;412;0
B2;2;200314;EC;Japan;AM;M;H;MH;269;P_269;;29;48;;30;5337;0;0;0;0;0;0;0;0
B2;2;200314;EC;Japan;AM;F;H;FH;270;P_270;;21;52;;30;5337;0;0;0;0;2;0;571;0
B2;2;200314;NB;Argentina;PM;C;NH;C1;271;P_271;;30;59;;30;5272;0;0;0;0;1;0;180;0
B2;2;200314;NB;Argentina;PM;M;NH;M1;272;P_272;;73;60;;30;5272;1;0;697;0;0;0;0;0
B2;2;200314;NB;Argentina;PM;F;NH;F1;273;P_273;;26;72;;30;5272;0;0;0;0;0;0;0;0
B2;2;200314;NB;Argentina;PM;C;NH;C2;274;P_274;;57;19;;30;5272;2;1;473;100;1;0;181;0
B2;2;200314;NB;Argentina;PM;M;NH;M2;275;P_275;;32;13;;30;5272;0;0;0;0;0;0;0;0
B2;2;200314;NB;Argentina;PM;F;NH;F2;276;P_276;;23;20;;30;5272;1;0;192;0;0;0;0;0
B2;2;200314;NB;Argentina;PM;C;H;CH;277;P_277;;44;36;;30;5272;0;0;0;0;0;0;0;0
B2;2;200314;NB;Argentina;PM;M;H;MH;278;P_278;;17;17;;30;5272;1;0;179;0;0;0;0;0
B2;2;200314;NB;Argentina;PM;F;H;FH;279;P_279;;42;12;;30;5272;1;0;180;0;1;0;177;0
B2;2;200314;NB;Argentina;PM;C;NH;C1;280;P_280;;32;56;;30;5272;0;0;0;0;0;0;0;0
B2;2;200314;NB;Argentina;PM;M;NH;M1;281;P_281;;52;69;;30;5272;0;0;0;0;2;1;2919;883
B2;2;200314;NB;Argentina;PM;F;NH;F1;282;P_282;;35;36;;30;5272;0;0;0;0;0;0;0;0
B2;2;200314;NB;Argentina;PM;C;NH;C2;283;P_283;;36;25;;30;5272;0;0;0;0;4;4;1776;1407
B2;2;200314;NB;Argentina;PM;M;NH;M2;284;P_284;;46;19;;30;5272;1;0;240;0;1;1;731;161
B2;2;200314;NB;Argentina;PM;F;NH;F2;285;P_285;;74;28;;30;5272;0;0;0;0;0;0;0;0
B2;2;200314;NB;Argentina;PM;C;H;CH;286;P_286;;43;66;;30;5272;2;0;502;0;0;0;0;0
B2;2;200314;NB;Argentina;PM;M;H;MH;287;P_287;;39;24;;30;5272;1;0;339;0;2;0;376;0
B2;2;200314;NB;Argentina;PM;F;H;FH;288;P_288;;43;40;;30;5272;0;0;0;0;0;0;0;0
B2;2;200314;NB;Argentina;PM;C;NH;C1;289;P_289;;52;41;;30;5272;4;1;2411;393;2;1;885;359
B2;2;200314;NB;Argentina;PM;M;NH;M1;290;P_290;;40;31;;30;5272;2;1;2022;1141;0;0;0;0
B2;2;200314;NB;Argentina;PM;F;NH;F1;291;P_291;;25;25;;30;5272;0;0;0;0;0;0;0;0
B2;2;200314;NB;Argentina;PM;C;NH;C2;292;P_292;;46;17;;30;5272;1;0;159;0;0;0;0;0
B2;2;200314;NB;Argentina;PM;M;NH;M2;293;P_293;;45;18;;30;5272;0;0;0;0;3;0;496;0
B2;2;200314;NB;Argentina;PM;F;NH;F2;294;P_294;;41;35;;30;5272;0;0;0;0;0;0;0;0
B2;2;200314;NB;Argentina;PM;C;H;CH;295;P_295;;33;64;;30;5272;1;1;693;256;1;1;349;167
B2;2;200314;NB;Argentina;PM;M;H;MH;296;P_296;;38;24;;30;5272;1;0;209;0;0;0;0;0
B2;2;200314;NB;Argentina;PM;F;H;FH;297;P_297;;32;30;;30;5272;0;0;0;0;0;0;0;0
B2;2;200314;NB;Argentina;PM;C;NH;C1;298;P_298;;44;38;;30;5272;2;1;815;278;2;1;1071;537
B2;2;200314;NB;Argentina;PM;M;NH;M1;299;P_299;;66;77;;30;5272;1;0;97;0;1;1;2157;354
B2;2;200314;NB;Argentina;PM;F;NH;F1;300;P_300;;43;45;;30;5272;1;0;180;0;0;0;0;0
B2;2;200314;KS;Jamaica;PM;C;NH;C2;301;P_301;;23;19;;30;5282;2;2;905;357;1;0;176;0
B2;2;200314;KS;Jamaica;PM;M;NH;M1;302;P_302;;47;49;;30;5282;2;0;539;0;2;1;901;176
B2;2;200314;KS;Jamaica;PM;F;NH;F2;303;P_303;;24;26;;30;5282;0;0;0;0;0;0;0;0
B2;2;200314;KS;Jamaica;PM;C;H;CH;304;P_304;;40;42;;30;5282;0;0;0;0;0;0;0;0
B2;2;200314;KS;Jamaica;PM;M;H;MH;305;P_305;;29;22;;30;5282;2;0;268;0;0;0;0;0
B2;2;200314;KS;Jamaica;PM;F;H;FH;306;P_306;;44;33;;30;5282;1;0;166;0;0;0;0;0
B2;2;200314;KS;Jamaica;PM;C;NH;C1;307;P_307;;40;54;;30;5282;1;1;642;181;0;0;0;0
B2;2;200314;KS;Jamaica;PM;M;NH;M1;308;P_308;;41;24;;30;5282;1;1;710;339;0;0;0;0
B2;2;200314;KS;Jamaica;PM;F;NH;F1;309;P_309;;35;21;;30;5282;0;0;0;0;0;0;0;0
B2;2;200314;KS;Jamaica;PM;C;NH;C2;310;P_310;;64;27;;30;5282;0;0;0;0;1;0;645;0
B2;2;200314;KS;Jamaica;PM;M;NH;M2;311;P_311;;30;16;;30;5282;1;0;163;0;0;0;0;0
B2;2;200314;KS;Jamaica;PM;F;NH;F2;312;P_312;;31;23;;30;5282;0;0;0;0;1;1;359;171
B2;2;200314;KS;Jamaica;PM;C;H;CH;313;P_313;;39;46;;30;5282;0;0;0;0;1;0;183;0
B2;2;200314;KS;Jamaica;PM;M;H;MH;314;P_314;;41;45;;30;5282;0;0;0;0;1;1;1621;178
B2;2;200314;KS;Jamaica;PM;F;H;FH;315;P_315;;53;32;;30;5282;0;0;0;0;0;0;0;0
B2;2;200314;KS;Jamaica;PM;C;NH;C1;316;P_316;;47;54;;30;5282;2;2;1012;471;2;2;918;541
B2;2;200314;KS;Jamaica;PM;M;NH;M1;317;P_317;;61;84;;30;5282;1;1;1424;182;0;0;0;0
B2;2;200314;KS;Jamaica;PM;F;NH;F1;318;P_318;;50;40;;30;5282;0;0;0;0;0;0;0;0
B2;2;200314;KS;Jamaica;PM;C;NH;C2;319;P_319;;30;30;;30;5282;2;0;532;0;1;1;368;177
B2;2;200314;KS;Jamaica;PM;M;NH;M2;320;P_320;;33;12;;30;5282;1;0;370;0;0;0;0;0
B2;2;200314;KS;Jamaica;PM;F;NH;F2;321;P_321;;39;17;;30;5282;0;0;0;0;0;0;0;0
B2;2;200314;KS;Jamaica;PM;C;H;CH;322;P_322;;68;57;;30;5282;0;0;0;0;0;0;0;0
B2;2;200314;KS;Jamaica;PM;M;H;MH;323;P_323;;42;50;;30;5282;0;0;0;0;0;0;0;0
B2;2;200314;KS;Jamaica;PM;F;H;FH;324;P_324;;68;29;;30;5282;0;0;0;0;1;0;174;0
B2;2;200314;KS;Jamaica;PM;C;NH;C1;325;P_325;;45;43;;30;5282;2;1;1016;180;1;0;904;0
B2;2;200314;KS;Jamaica;PM;M;NH;M2;326;P_326;;45;66;;30;5282;1;0;191;0;2;1;2277;191
B2;2;200314;KS;Jamaica;PM;F;NH;F1;327;P_327;;45;15;;30;5282;1;1;694;512;0;0;0;0
B2;2;200314;KS;Jamaica;PM;C;NH;C2;328;P_328;;39;31;;30;5282;0;0;0;0;1;0;91;0
B2;2;200314;KS;Jamaica;PM;M;NH;M2;329;P_329;;31;24;;30;5282;0;0;0;0;0;0;0;0
B2;2;200314;KS;Jamaica;PM;F;NH;F2;330;P_330;;40;32;;30;5282;1;1;1080;350;0;0;0;0
B2;2;200314;EC;Nigeria;PM;C;H;CH;331;P_331;;54;84;;30;5285;1;0;179;0;1;1;469;278
B2;2;200314;EC;Nigeria;PM;M;H;MH;332;P_332;;41;33;;30;5285;2;1;453;175;0;0;0;0
B2;2;200314;EC;Nigeria;PM;F;H;FH;333;P_333;;47;14;;30;5285;3;1;836;142;0;0;0;0
B2;2;200314;EC;Nigeria;PM;C;NH;C1;334;P_334;;65;82;;30;5285;0;0;0;0;2;1;891;504
B2;2;200314;EC;Nigeria;PM;M;NH;M1;335;P_335;;56;112;;30;5285;1;0;192;0;0;0;0;0
B2;2;200314;EC;Nigeria;PM;F;NH;F1;336;P_336;;41;30;;30;5285;0;0;0;0;0;0;0;0
B2;2;200314;EC;Nigeria;PM;C;NH;C2;337;P_337;;23;19;;30;5285;1;0;215;0;1;0;394;0
B2;2;200314;EC;Nigeria;PM;M;NH;M2;338;P_338;;31;11;;30;5285;1;0;166;0;0;0;0;0
B2;2;200314;EC;Nigeria;PM;F;NH;F2;339;P_339;;31;53;;30;5285;0;0;0;0;0;0;0;0
B2;2;200314;EC;Nigeria;PM;C;H;CH;340;P_340;;55;49;;30;5285;1;1;526;343;1;1;743;531
B2;2;200314;EC;Nigeria;PM;M;H;MH;341;P_341;;41;46;;30;5285;0;0;0;0;0;0;0;0
B2;2;200314;EC;Nigeria;PM;F;H;FH;342;P_342;;19;48;;30;5285;1;1;645;328;0;0;0;0
B2;2;200314;EC;Nigeria;PM;C;NH;C1;343;P_343;;40;76;;30;5285;0;0;0;0;3;1;1211;542
B2;2;200314;EC;Nigeria;PM;M;NH;M1;344;P_344;;57;50;;30;5285;2;1;898;170;1;0;220;0
B2;2;200314;EC;Nigeria;PM;F;NH;F1;345;P_345;;65;25;;30;5285;0;0;0;0;0;0;0;0
B2;2;200314;EC;Nigeria;PM;C;NH;C2;346;P_346;;30;29;;30;5285;2;1;573;206;0;0;0;0
B2;2;200314;EC;Nigeria;PM;M;NH;M2;347;P_347;;41;44;;30;5285;2;2;1079;640;0;0;0;0
B2;2;200314;EC;Nigeria;PM;F;NH;F2;348;P_348;;26;17;;30;5285;0;0;0;0;0;0;0;0
B2;2;200314;EC;Nigeria;PM;C;H;CH;349;P_349;;51;51;;30;5285;0;0;0;0;1;1;510;338
B2;2;200314;EC;Nigeria;PM;M;H;MH;350;P_350;;;;;30;5285;0;0;0;0;0;0;0;0
B2;2;200314;EC;Nigeria;PM;F;H;FH;351;P_351;;43;10;;30;5285;1;1;1283;1064;1;0;249;0
B2;2;200314;EC;Nigeria;PM;C;NH;C1;352;P_352;;32;53;;30;5285;0;0;0;0;0;0;0;0
B2;2;200314;EC;Nigeria;PM;M;NH;M1;353;P_353;;37;24;;30;5285;0;0;0;0;1;0;197;0
B2;2;200314;EC;Nigeria;PM;F;NH;F1;354;P_354;;50;25;;30;5285;2;1;487;141;0;0;0;0
B2;2;200314;EC;Nigeria;PM;C;NH;C2;355;P_355;;41;53;;30;5285;1;0;97;0;2;2;945;571
B2;2;200314;EC;Nigeria;PM;M;NH;M2;356;P_356;;;;;30;5285;0;0;0;0;0;0;0;0
B2;2;200314;EC;Nigeria;PM;F;NH;F2;357;P_357;;52;10;;30;5285;0;0;0;0;0;0;0;0
B2;2;200314;EC;Nigeria;PM;C;H;CH;358;P_358;;34;31;;30;5285;1;0;165;0;0;0;0;0
B2;2;200314;EC;Nigeria;PM;M;H;MH;359;P_359;;;;;30;5285;0;0;0;0;0;0;0;0
B2;2;200314;EC;Nigeria;PM;F;H;FH;360;P_360;;36;15;;30;5285;0;0;0;0;0;0;0;0
B2;3;250314;NB;France;AM;C;NH;C1;181;;A_1181;44;;39;30;5289;2;0;713;0;0;0;0;0
B2;3;250314;NB;France;AM;M;NH;M1;182;;A_1182;81;;37;30;5289;0;0;0;0;0;0;0;0
B2;3;250314;NB;France;AM;F;NH;F1;183;;A_1183;57;;31;30;5289;0;0;0;0;3;1;3257;177
B2;3;250314;NB;France;AM;C;NH;C2;184;;A_1184;78;;32;30;5289;0;0;0;0;1;1;2167;882
B2;3;250314;NB;France;AM;M;NH;M2;185;;A_1185;;;;30;5289;0;0;0;0;0;0;0;0
B2;3;250314;NB;France;AM;F;NH;F2;186;;A_1186;;;;30;5289;0;0;0;0;0;0;0;0
B2;3;250314;NB;France;AM;C;H;CH;187;;A_1187;47;;44;30;5289;1;1;866;325;3;0;503;0
B2;3;250314;NB;France;AM;M;H;MH;188;;A_1188;58;;41;30;5289;3;0;686;0;1;1;745;396
B2;3;250314;NB;France;AM;F;H;FH;189;;A_1189;46;;32;30;5289;1;0;199;0;1;0;195;0
B2;3;250314;NB;France;AM;C;NH;C1;190;;A_1190;42;;32;30;5289;2;0;385;0;0;0;0;0
B2;3;250314;NB;France;AM;M;NH;M1;191;;A_1191;77;;31;30;5289;3;0;556;0;0;0;0;0
B2;3;250314;NB;France;AM;F;NH;F1;192;;A_1192;91;;43;30;5289;0;0;0;0;5;2;2970;865
B2;3;250314;NB;France;AM;C;NH;C2;193;;A_1193;;;;30;5289;0;0;0;0;0;0;0;0
B2;3;250314;NB;France;AM;M;NH;M2;194;;A_1194;56;;37;30;5289;4;0;735;0;0;0;0;0
B2;3;250314;NB;France;AM;F;NH;F2;195;;A_1195;47;;22;30;5289;1;0;101;0;2;0;1499;0
B2;3;250314;NB;France;AM;C;H;CH;196;;A_1196;71;;32;30;5289;0;0;0;0;1;0;182;0
B2;3;250314;NB;France;AM;M;H;MH;197;;A_1197;73;;35;30;5289;0;0;0;0;0;0;0;0
B2;3;250314;NB;France;AM;F;H;FH;198;;A_1198;39;;32;30;5289;0;0;0;0;2;0;2861;0
B2;3;250314;NB;France;AM;C;NH;C1;199;;A_1199;;;;30;5289;0;0;0;0;0;0;0;0
B2;3;250314;NB;France;AM;M;NH;M1;200;;A_1200;67;;36;30;5289;0;0;0;0;2;1;1616;496
B2;3;250314;NB;France;AM;F;NH;F1;201;;A_1201;73;;15;30;5289;0;0;0;0;1;0;305;0
B2;3;250314;NB;France;AM;C;NH;C2;202;;A_1202;52;;32;30;5289;3;0;513;0;1;1;1036;530
B2;3;250314;NB;France;AM;M;NH;M2;203;;A_1203;77;;30;30;5289;2;0;518;0;1;0;188;0
B2;3;250314;NB;France;AM;F;NH;F2;204;;A_1204;82;;32;30;5289;0;0;0;0;2;0;318;0
B2;3;250314;NB;France;AM;C;H;CH;205;;A_1205;71;;26;30;5289;1;0;179;0;0;0;0;0
B2;3;250314;NB;France;AM;M;H;MH;206;;A_1206;116;;29;30;5289;0;0;0;0;0;0;0;0
B2;3;250314;NB;France;AM;F;H;FH;207;;A_1207;50;;47;30;5289;0;0;0;0;3;1;1860;370
B2;3;250314;NB;France;AM;C;NH;C1;208;;A_1208;71;;;30;5289;0;0;0;0;0;0;0;0
B2;3;250314;NB;France;AM;M;NH;M1;209;;A_1209;86;;;30;5289;0;0;0;0;0;0;0;0
B2;3;250314;NB;France;AM;F;NH;F1;210;;A_1210;51;;;30;5289;0;0;0;0;0;0;0;0
B2;3;250314;KS;Germany;AM;C;NH;C2;211;;A_1211;48;;35;30;5270;1;0;78;0;1;1;739;373
B2;3;250314;KS;Germany;AM;M;NH;M2;212;;A_1212;47;;32;30;5270;0;0;0;0;2;1;2705;1425
B2;3;250314;KS;Germany;AM;F;NH;F2;213;;A_1213;70;;38;30;5270;1;0;179;0;1;0;366;0
B2;3;250314;KS;Germany;AM;C;H;CH;214;;A_1214;47;;35;30;5270;0;0;0;0;0;0;0;0
B2;3;250314;KS;Germany;AM;M;H;MH;215;;A_1215;72;;38;30;5270;2;0;352;0;2;1;1188;397
B2;3;250314;KS;Germany;AM;F;H;FH;216;;A_1216;88;;43;30;5270;2;1;583;194;1;1;1623;544
B2;3;250314;KS;Germany;AM;C;NH;C1;217;;A_1217;53;;41;30;5270;4;0;921;0;0;0;0;0
B2;3;250314;KS;Germany;AM;M;NH;M1;218;;A_1218;69;;35;30;5270;2;0;419;0;0;0;0;0
B2;3;250314;KS;Germany;AM;F;NH;F1;219;;A_1219;78;;33;30;5270;1;0;62;0;1;1;1906;632
B2;3;250314;KS;Germany;AM;C;NH;C2;220;;A_1220;30;;26;30;5270;0;0;0;0;3;0;1085;0
B2;3;250314;KS;Germany;AM;M;NH;M2;221;;A_1221;42;;31;30;5270;1;1;2277;484;1;1;900;177
B2;3;250314;KS;Germany;AM;F;NH;F2;222;;A_1222;60;;31;30;5270;0;0;0;0;4;0;716;0
B2;3;250314;KS;Germany;AM;C;H;CH;223;;A_1223;69;;48;30;5270;0;0;0;0;0;0;0;0
B2;3;250314;KS;Germany;AM;M;H;MH;224;;A_1224;68;;30;30;5270;3;1;696;172;2;1;1277;543
B2;3;250314;KS;Germany;AM;F;H;FH;225;;A_1225;;;;30;5270;0;0;0;0;0;0;0;0
B2;3;250314;KS;Germany;AM;C;NH;C1;226;;A_1226;47;;33;30;5270;4;1;1384;541;3;0;1033;0
B2;3;250314;KS;Germany;AM;M;NH;M1;227;;A_1227;86;;31;30;5270;0;0;0;0;0;0;0;0
B2;3;250314;KS;Germany;AM;F;NH;F1;228;;A_1228;56;;37;30;5270;0;0;0;0;1;0;228;0
B2;3;250314;KS;Germany;AM;C;NH;C2;229;;A_1229;60;;52;30;5270;0;0;0;0;0;0;0;0
B2;3;250314;KS;Germany;AM;M;NH;M2;230;;A_1230;;;;30;5270;0;0;0;0;0;0;0;0
B2;3;250314;KS;Germany;AM;F;NH;F2;231;;A_1231;51;;32;30;5270;2;0;370;0;1;0;201;0
B2;3;250314;KS;Germany;AM;C;H;CH;232;;A_1232;56;;32;30;5270;2;0;300;0;1;1;1626;904
B2;3;250314;KS;Germany;AM;M;H;MH;233;;A_1233;62;;30;30;5270;0;0;0;0;0;0;0;0
B2;3;250314;KS;Germany;AM;F;H;FH;234;;A_1234;;;;30;5270;0;0;0;0;0;0;0;0
B2;3;250314;KS;Germany;AM;C;NH;C1;235;;A_1235;62;;27;30;5270;1;0;185;0;0;0;0;0
B2;3;250314;KS;Germany;AM;M;NH;M1;236;;A_1236;80;;42;30;5270;1;0;177;0;1;1;1570;576
B2;3;250314;KS;Germany;AM;F;NH;F1;237;;A_1237;51;;44;30;5270;1;0;119;0;1;1;1525;394
B2;3;250314;KS;Germany;AM;C;NH;C2;238;;A_1238;58;;;30;5270;0;0;0;0;0;0;0;0
B2;3;250314;KS;Germany;AM;M;NH;M2;239;;A_1239;33;;;30;5270;0;0;0;0;0;0;0;0
B2;3;250314;KS;Germany;AM;F;NH;F2;240;;A_1240;46;;;30;5270;0;0;0;0;0;0;0;0
B2;3;250314;EC;Japan;AM;C;H;CH;241;;A_1241;47;;43;29;5095;1;0;180;0;1;0;180;0
B2;3;250314;EC;Japan;AM;M;H;MH;242;;A_1242;69;;39;29;5095;0;0;0;0;1;0;180;0
B2;3;250314;EC;Japan;AM;F;H;FH;243;;A_1243;63;;35;29;5095;2;0;367;0;1;0;274;0
B2;3;250314;EC;Japan;AM;C;NH;C1;244;;A_1244;54;;37;29;5095;2;0;360;0;0;0;0;0
B2;3;250314;EC;Japan;AM;M;NH;M1;245;;A_1245;;;;29;5095;0;0;0;0;0;0;0;0
B2;3;250314;EC;Japan;AM;F;NH;F1;246;;A_1246;61;;45;29;5095;0;0;0;0;1;0;193;0
B2;3;250314;EC;Japan;AM;C;NH;C2;247;;A_1247;34;;39;29;5095;0;0;0;0;0;0;0;0
B2;3;250314;EC;Japan;AM;M;NH;M2;248;;A_1248;48;;41;29;5095;0;0;0;0;1;0;286;0
B2;3;250314;EC;Japan;AM;F;NH;F2;249;;A_1249;45;;34;29;5095;0;0;0;0;0;0;0;0
B2;3;250314;EC;Japan;AM;C;H;CH;250;;A_1250;35;;33;29;5095;1;0;176;0;0;0;0;0
B2;3;250314;EC;Japan;AM;M;H;MH;251;;A_1251;53;;46;29;5095;1;0;178;0;1;0;171;0
B2;3;250314;EC;Japan;AM;F;H;FH;252;;A_1252;;;;29;5095;0;0;0;0;0;0;0;0
B2;3;250314;EC;Japan;AM;C;NH;C1;253;;A_1253;47;;37;29;5095;2;0;354;0;0;0;0;0
B2;3;250314;EC;Japan;AM;M;NH;M1;254;;A_1254;80;;43;29;5095;2;1;539;158;1;0;400;0
B2;3;250314;EC;Japan;AM;F;NH;F1;255;;A_1255;52;;41;29;5095;0;0;0;0;0;0;0;0
B2;3;250314;EC;Japan;AM;C;NH;C2;256;;A_1256;44;;31;29;5095;1;0;174;0;0;0;0;0
B2;3;250314;EC;Japan;AM;M;NH;M2;257;;A_1257;45;;51;29;5095;0;0;0;0;2;2;1615;656
B2;3;250314;EC;Japan;AM;F;NH;F2;258;;A_1258;58;;57;29;5095;1;0;182;0;1;1;1400;831
B2;3;250314;EC;Japan;AM;C;H;CH;259;;A_1259;71;;37;29;5095;2;2;1999;1350;0;0;0;0
B2;3;250314;EC;Japan;AM;M;H;MH;260;;A_1260;52;;34;29;5095;2;1;959;619;1;0;163;0
B2;3;250314;EC;Japan;AM;F;H;FH;261;;A_1261;48;;25;29;5095;1;0;175;0;0;0;0;0
B2;3;250314;EC;Japan;AM;C;NH;C1;262;;A_1262;66;;23;29;5095;2;0;265;0;0;0;0;0
B2;3;250314;EC;Japan;AM;M;NH;M1;263;;A_1263;67;;43;29;5095;3;0;518;0;3;1;1770;576
B2;3;250314;EC;Japan;AM;F;NH;F1;264;;A_1264;50;;39;29;5095;1;0;214;0;0;0;0;0
B2;3;250314;EC;Japan;AM;C;NH;C2;265;;A_1265;41;;36;29;5095;2;0;307;0;1;1;507;298
B2;3;250314;EC;Japan;AM;M;NH;M2;266;;A_1266;78;;31;29;5095;0;0;0;0;2;0;1147;0
B2;3;250314;EC;Japan;AM;F;NH;F2;267;;A_1267;78;;;29;5095;0;0;0;0;0;0;0;0
B2;3;250314;EC;Japan;AM;C;H;CH;268;;A_1268;50;;;29;5095;0;0;0;0;0;0;0;0
B2;3;250314;EC;Japan;AM;M;H;MH;269;;A_1269;66;;;29;5095;0;0;0;0;0;0;0;0
B2;3;250314;EC;Japan;AM;F;H;FH;270;;A_1270;38;;;29;5095;0;0;0;0;0;0;0;0
B2;3;250314;NB;Argentina;PM;C;NH;C1;271;;A_1271;49;;30;30;5302;0;0;0;0;0;0;0;0
B2;3;250314;NB;Argentina;PM;M;NH;M1;272;;A_1272;101;;42;30;5302;0;0;0;0;1;1;1817;553
B2;3;250314;NB;Argentina;PM;F;NH;F1;273;;A_1273;45;;37;30;5302;2;0;358;0;0;0;0;0
B2;3;250314;NB;Argentina;PM;C;NH;C2;274;;A_1274;65;;55;30;5302;0;0;0;0;1;1;1082;364
B2;3;250314;NB;Argentina;PM;M;NH;M2;275;;A_1275;46;;33;30;5302;0;0;0;0;3;2;2258;744
B2;3;250314;NB;Argentina;PM;F;NH;F2;276;;A_1276;33;;35;30;5302;1;0;211;0;3;1;979;84
B2;3;250314;NB;Argentina;PM;C;H;CH;277;;A_1277;63;;33;30;5302;2;0;365;0;0;0;0;0
B2;3;250314;NB;Argentina;PM;M;H;MH;278;;A_1278;30;;38;30;5302;0;0;0;0;0;0;0;0
B2;3;250314;NB;Argentina;PM;F;H;FH;279;;A_1279;53;;31;30;5302;0;0;0;0;0;0;0;0
B2;3;250314;NB;Argentina;PM;C;NH;C1;280;;A_1280;45;;50;30;5302;2;0;265;0;0;0;0;0
B2;3;250314;NB;Argentina;PM;M;NH;M1;281;;A_1281;60;;35;30;5302;3;0;403;0;1;0;159;0
B2;3;250314;NB;Argentina;PM;F;NH;F1;282;;A_1282;50;;22;30;5302;1;0;182;0;0;0;0;0
B2;3;250314;NB;Argentina;PM;C;NH;C2;283;;A_1283;55;;33;30;5302;3;0;539;0;1;0;278;0
B2;3;250314;NB;Argentina;PM;M;NH;M2;284;;A_1284;63;;31;30;5302;3;0;759;0;0;0;0;0
B2;3;250314;NB;Argentina;PM;F;NH;F2;285;;A_1285;93;;42;30;5302;2;0;386;0;1;1;1824;362
B2;3;250314;NB;Argentina;PM;C;H;CH;286;;A_1286;61;;38;30;5302;0;0;0;0;1;1;1427;359
B2;3;250314;NB;Argentina;PM;M;H;MH;287;;A_1287;67;;39;30;5302;2;2;3977;388;1;0;107;0
B2;3;250314;NB;Argentina;PM;F;H;FH;288;;A_1288;59;;35;30;5302;1;1;1271;505;0;0;0;0
B2;3;250314;NB;Argentina;PM;C;NH;C1;289;;A_1289;79;;39;30;5302;1;0;178;0;1;1;1544;453
B2;3;250314;NB;Argentina;PM;M;NH;M1;290;;A_1290;69;;33;30;5302;1;0;208;0;0;0;0;0
B2;3;250314;NB;Argentina;PM;F;NH;F1;291;;A_1291;43;;33;30;5302;1;0;151;0;0;0;0;0
B2;3;250314;NB;Argentina;PM;C;NH;C2;292;;A_1292;63;;27;30;5302;0;0;0;0;1;0;838;0
B2;3;250314;NB;Argentina;PM;M;NH;M2;293;;A_1293;66;;30;30;5302;3;0;586;0;1;1;1970;704
B2;3;250314;NB;Argentina;PM;F;NH;F2;294;;A_1294;50;;35;30;5302;1;0;108;0;0;0;0;0
B2;3;250314;NB;Argentina;PM;C;H;CH;295;;A_1295;59;;;30;5302;0;0;0;0;0;0;0;0
B2;3;250314;NB;Argentina;PM;M;H;MH;296;;A_1296;60;;;30;5302;0;0;0;0;0;0;0;0
B2;3;250314;NB;Argentina;PM;F;H;FH;297;;A_1297;49;;;30;5302;0;0;0;0;0;0;0;0
B2;3;250314;NB;Argentina;PM;C;NH;C1;298;;A_1298;69;;;30;5302;0;0;0;0;0;0;0;0
B2;3;250314;NB;Argentina;PM;M;NH;M1;299;;A_1299;92;;;30;5302;0;0;0;0;0;0;0;0
B2;3;250314;NB;Argentina;PM;F;NH;F1;300;;A_1300;58;;;30;5302;0;0;0;0;0;0;0;0
B2;3;250314;KS;Jamaica;PM;C;NH;C2;301;;A_1301;42;;41;30;5260;0;0;0;0;1;1;908;367
B2;3;250314;KS;Jamaica;PM;M;NH;M1;302;;A_1302;73;;32;30;5260;0;0;0;0;0;0;0;0
B2;3;250314;KS;Jamaica;PM;F;NH;F2;303;;A_1303;50;;43;30;5260;0;0;0;0;1;0;181;0
B2;3;250314;KS;Jamaica;PM;C;H;CH;304;;A_1304;54;;43;30;5260;0;0;0;0;1;0;179;0
B2;3;250314;KS;Jamaica;PM;M;H;MH;305;;A_1305;53;;43;30;5260;1;0;92;0;0;0;0;0
B2;3;250314;KS;Jamaica;PM;F;H;FH;306;;A_1306;88;;40;30;5260;2;1;1004;543;1;1;1079;538
B2;3;250314;KS;Jamaica;PM;C;NH;C1;307;;A_1307;53;;36;30;5260;0;0;0;0;0;0;0;0
B2;3;250314;KS;Jamaica;PM;M;NH;M1;308;;A_1308;77;;36;30;5260;2;1;622;175;0;0;0;0
B2;3;250314;KS;Jamaica;PM;F;NH;F1;309;;A_1309;66;;33;30;5260;0;0;0;0;0;0;0;0
B2;3;250314;KS;Jamaica;PM;C;NH;C2;310;;A_1310;87;;23;30;5260;2;0;358;0;0;0;0;0
B2;3;250314;KS;Jamaica;PM;M;NH;M2;311;;A_1311;53;;48;30;5260;3;0;539;0;0;0;0;0
B2;3;250314;KS;Jamaica;PM;F;NH;F2;312;;A_1312;49;;34;30;5260;1;0;187;0;0;0;0;0
B2;3;250314;KS;Jamaica;PM;C;H;CH;313;;A_1313;57;;37;30;5260;0;0;0;0;2;0;452;0
B2;3;250314;KS;Jamaica;PM;M;H;MH;314;;A_1314;63;;28;30;5260;1;0;172;0;3;0;454;0
B2;3;250314;KS;Jamaica;PM;F;H;FH;315;;A_1315;70;;;30;5260;0;0;0;0;0;0;0;0
B2;3;250314;KS;Jamaica;PM;C;NH;C1;316;;A_1316;68;;35;30;5260;0;0;0;0;1;0;170;0
B2;3;250314;KS;Jamaica;PM;M;NH;M1;317;;A_1317;85;;36;30;5260;1;0;545;0;1;0;383;0
B2;3;250314;KS;Jamaica;PM;F;NH;F1;318;;A_1318;71;;55;30;5260;0;0;0;0;2;1;1181;95
B2;3;250314;KS;Jamaica;PM;C;NH;C2;319;;A_1319;59;;40;30;5260;2;0;616;0;0;0;0;0
B2;3;250314;KS;Jamaica;PM;M;NH;M2;320;;A_1320;76;;31;30;5260;3;0;541;0;2;1;889;359
B2;3;250314;KS;Jamaica;PM;F;NH;F2;321;;A_1321;50;;44;30;5260;0;0;0;0;1;1;925;363
B2;3;250314;KS;Jamaica;PM;C;H;CH;322;;A_1322;93;;25;30;5260;1;0;185;0;0;0;0;0
B2;3;250314;KS;Jamaica;PM;M;H;MH;323;;A_1323;74;;37;30;5260;0;0;0;0;2;0;565;0
B2;3;250314;KS;Jamaica;PM;F;H;FH;324;;A_1324;88;;37;30;5260;3;0;474;0;3;1;2004;541
B2;3;250314;KS;Jamaica;PM;C;NH;C1;325;;A_1325;70;;;30;5260;0;0;0;0;0;0;0;0
B2;3;250314;KS;Jamaica;PM;M;NH;M2;326;;A_1326;81;;;30;5260;0;0;0;0;0;0;0;0
B2;3;250314;KS;Jamaica;PM;F;NH;F1;327;;A_1327;70;;;30;5260;0;0;0;0;0;0;0;0
B2;3;250314;KS;Jamaica;PM;C;NH;C2;328;;A_1328;55;;;30;5260;0;0;0;0;0;0;0;0
B2;3;250314;KS;Jamaica;PM;M;NH;M2;329;;A_1329;39;;;30;5260;0;0;0;0;0;0;0;0
B2;3;250314;KS;Jamaica;PM;F;NH;F2;330;;A_1330;65;;;30;5260;0;0;0;0;0;0;0;0
B2;3;250314;PD;Nigeria;PM;C;H;CH;331;;A_1331;69;;44;30;5364;3;0;528;0;3;1;1079;357
B2;3;250314;PD;Nigeria;PM;M;H;MH;332;;A_1332;54;;34;30;5364;1;0;179;0;3;2;1376;468
B2;3;250314;PD;Nigeria;PM;F;H;FH;333;;A_1333;74;;33;30;5364;3;0;513;0;2;1;1288;363
B2;3;250314;PD;Nigeria;PM;C;NH;C1;334;;A_1334;83;;32;30;5364;0;0;0;0;2;0;1168;0
B2;3;250314;PD;Nigeria;PM;M;NH;M1;335;;A_1335;79;;39;30;5364;0;0;0;0;1;1;912;175
B2;3;250314;PD;Nigeria;PM;F;NH;F1;336;;A_1336;56;;43;30;5364;1;0;91;0;1;0;169;0
B2;3;250314;PD;Nigeria;PM;C;NH;C2;337;;A_1337;43;;37;30;5364;2;0;275;0;2;0;447;0
B2;3;250314;PD;Nigeria;PM;M;NH;M2;338;;A_1338;48;;45;30;5364;0;0;0;0;0;0;0;0
B2;3;250314;PD;Nigeria;PM;F;NH;F2;339;;A_1339;52;;40;30;5364;0;0;0;0;0;0;0;0
B2;3;250314;PD;Nigeria;PM;C;H;CH;340;;A_1340;76;;34;30;5364;2;1;704;175;1;1;1450;201
B2;3;250314;PD;Nigeria;PM;M;H;MH;341;;A_1341;71;;33;30;5364;1;0;195;0;2;0;1010;0
B2;3;250314;PD;Nigeria;PM;F;H;FH;342;;A_1342;64;;41;30;5364;2;1;827;190;0;0;0;0
B2;3;250314;PD;Nigeria;PM;C;NH;C1;343;;A_1343;54;;29;30;5364;2;0;907;0;1;0;185;0
B2;3;250314;PD;Nigeria;PM;M;NH;M1;344;;A_1344;80;;40;30;5364;3;1;1047;99;4;2;2341;892
B2;3;250314;PD;Nigeria;PM;F;NH;F1;345;;A_1345;104;;39;30;5364;3;2;1776;1041;1;1;1068;535
B2;3;250314;PD;Nigeria;PM;C;NH;C2;346;;A_1346;55;;44;30;5364;2;0;853;0;1;1;709;302
B2;3;250314;PD;Nigeria;PM;M;NH;M2;347;;A_1347;58;;31;30;5364;2;1;869;496;1;1;1459;347
B2;3;250314;PD;Nigeria;PM;F;NH;F2;348;;A_1348;43;;34;30;5364;0;0;0;0;0;0;0;0
B2;3;250314;PD;Nigeria;PM;C;H;CH;349;;A_1349;71;;;30;5364;0;0;0;0;0;0;0;0
B2;3;250314;PD;Nigeria;PM;M;H;MH;350;;A_1350;;;;30;5364;0;0;0;0;0;0;0;0
B2;3;250314;PD;Nigeria;PM;F;H;FH;351;;A_1351;56;;30;30;5364;1;0;183;0;0;0;0;0
B2;3;250314;PD;Nigeria;PM;C;NH;C1;352;;A_1352;47;;40;30;5364;2;0;374;0;1;1;747;352
B2;3;250314;PD;Nigeria;PM;M;NH;M1;353;;A_1353;56;;41;30;5364;2;1;1307;548;1;1;892;683
B2;3;250314;PD;Nigeria;PM;F;NH;F1;354;;A_1354;66;;58;30;5364;3;2;3763;2086;0;0;0;0
B2;3;250314;PD;Nigeria;PM;C;NH;C2;355;;A_1355;56;;68;30;5364;1;1;927;729;1;0;185;0
B2;3;250314;PD;Nigeria;PM;M;NH;M2;356;;A_1356;;;;30;5364;0;0;0;0;0;0;0;0
B2;3;250314;PD;Nigeria;PM;F;NH;F2;357;;A_1357;66;;;30;5364;0;0;0;0;0;0;0;0
B2;3;250314;PD;Nigeria;PM;C;H;CH;358;;A_1358;48;;;30;5364;0;0;0;0;0;0;0;0
B2;3;250314;PD;Nigeria;PM;M;H;MH;359;;A_1359;;;;30;5364;0;0;0;0;0;0;0;0
B2;3;250314;PD;Nigeria;PM;F;H;FH;360;;A_1360;75;;;30;5364;0;0;0;0;0;0;0;0
B2;4;280314;NB;France;AM;C;NH;C1;181;;A_1181;40;;37;30;5341;0;0;0;0;0;0;0;0
B2;4;280314;NB;France;AM;M;NH;M1;182;;A_1182;90;;35;30;5341;0;0;0;0;0;0;0;0
B2;4;280314;NB;France;AM;F;NH;F1;183;;A_1183;51;;25;30;5341;2;0;362;0;0;0;0;0
B2;4;280314;NB;France;AM;C;NH;C2;184;;A_1184;65;;27;30;5341;0;0;0;0;3;1;1971;336
B2;4;280314;NB;France;AM;M;NH;M2;185;;A_1185;;;;30;5341;0;0;0;0;0;0;0;0
B2;4;280314;NB;France;AM;F;NH;F2;186;;A_1186;;;;30;5341;0;0;0;0;0;0;0;0
B2;4;280314;NB;France;AM;C;H;CH;187;;A_1187;42;;42;30;5341;3;0;520;0;0;0;0;0
B2;4;280314;NB;France;AM;M;H;MH;188;;A_1188;52;;38;30;5341;3;0;457;0;0;0;0;0
B2;4;280314;NB;France;AM;F;H;FH;189;;A_1189;36;;32;30;5341;1;1;935;340;2;0;1442;0
B2;4;280314;NB;France;AM;C;NH;C1;190;;A_1190;30;;32;30;5341;0;0;0;0;1;1;1460;745
B2;4;280314;NB;France;AM;M;NH;M1;191;;A_1191;71;;27;30;5341;0;0;0;0;0;0;0;0
B2;4;280314;NB;France;AM;F;NH;F1;192;;A_1192;84;;35;30;5341;0;0;0;0;1;0;384;0
B2;4;280314;NB;France;AM;C;NH;C2;193;;A_1193;;;;30;5341;0;0;0;0;0;0;0;0
B2;4;280314;NB;France;AM;M;NH;M2;194;;A_1194;63;;35;30;5341;1;0;835;0;0;0;0;0
B2;4;280314;NB;France;AM;F;NH;F2;195;;A_1195;37;;22;30;5341;1;0;177;0;1;0;360;0
B2;4;280314;NB;France;AM;C;H;CH;196;;A_1196;70;;29;30;5341;2;2;1221;473;0;0;0;0
B2;4;280314;NB;France;AM;M;H;MH;197;;A_1197;82;;34;30;5341;1;0;169;0;3;1;1432;727
B2;4;280314;NB;France;AM;F;H;FH;198;;A_1198;35;;35;30;5341;0;0;0;0;2;2;1239;283
B2;4;280314;NB;France;AM;C;NH;C1;199;;A_1199;;;;30;5341;0;0;0;0;0;0;0;0
B2;4;280314;NB;France;AM;M;NH;M1;200;;A_1200;65;;;30;5341;0;0;0;0;0;0;0;0
B2;4;280314;NB;France;AM;F;NH;F1;201;;A_1201;84;;16;30;5341;0;0;0;0;1;0;134;0
B2;4;280314;NB;France;AM;C;NH;C2;202;;A_1202;45;;34;30;5341;3;0;493;0;2;1;1698;1235
B2;4;280314;NB;France;AM;M;NH;M2;203;;A_1203;70;;27;30;5341;0;0;0;0;3;0;1169;0
B2;4;280314;NB;France;AM;F;NH;F2;204;;A_1204;74;;28;30;5341;0;0;0;0;0;0;0;0
B2;4;280314;NB;France;AM;C;H;CH;205;;A_1205;61;;24;30;5341;4;0;779;0;1;0;551;0
B2;4;280314;NB;France;AM;M;H;MH;206;;A_1206;133;;31;30;5341;0;0;0;0;0;0;0;0
B2;4;280314;NB;France;AM;F;H;FH;207;;A_1207;46;;47;30;5341;3;0;542;0;1;1;870;309
B2;4;280314;NB;France;AM;C;NH;C1;208;;A_1208;;;;30;5341;0;0;0;0;0;0;0;0
B2;4;280314;NB;France;AM;M;NH;M1;209;;A_1209;;;;30;5341;0;0;0;0;0;0;0;0
B2;4;280314;NB;France;AM;F;NH;F1;210;;A_1210;;;;30;5341;0;0;0;0;0;0;0;0
B2;4;280314;KS;Germany;AM;C;NH;C2;211;;A_1211;51;;34;30;5251;0;0;0;0;1;0;183;0
B2;4;280314;KS;Germany;AM;M;NH;M2;212;;A_1212;58;;29;30;5251;2;0;358;0;0;0;0;0
B2;4;280314;KS;Germany;AM;F;NH;F2;213;;A_1213;76;;38;30;5251;0;0;0;0;2;0;349;0
B2;4;280314;KS;Germany;AM;C;H;CH;214;;A_1214;55;;35;30;5251;0;0;0;0;0;0;0;0
B2;4;280314;KS;Germany;AM;M;H;MH;215;;A_1215;84;;35;30;5251;3;0;1953;0;1;1;1620;1082
B2;4;280314;KS;Germany;AM;F;H;FH;216;;A_1216;85;;41;30;5251;1;1;945;762;2;1;1339;407
B2;4;280314;KS;Germany;AM;C;NH;C1;217;;A_1217;58;;40;30;5251;3;0;469;0;0;0;0;0
B2;4;280314;KS;Germany;AM;M;NH;M1;218;;A_1218;72;;31;30;5251;0;0;0;0;0;0;0;0
B2;4;280314;KS;Germany;AM;F;NH;F1;219;;A_1219;79;;31;30;5251;0;0;0;0;0;0;0;0
B2;4;280314;KS;Germany;AM;C;NH;C2;220;;A_1220;35;;33;30;5251;1;0;95;0;2;0;508;0
B2;4;280314;KS;Germany;AM;M;NH;M2;221;;A_1221;46;;33;30;5251;1;1;1266;543;0;0;0;0
B2;4;280314;KS;Germany;AM;F;NH;F2;222;;A_1222;69;;36;30;5251;0;0;0;0;0;0;0;0
B2;4;280314;KS;Germany;AM;C;H;CH;223;;A_1223;78;;32;30;5251;0;0;0;0;0;0;0;0
B2;4;280314;KS;Germany;AM;M;H;MH;224;;A_1224;69;;;30;5251;2;2;1083;505;0;0;0;0
B2;4;280314;KS;Germany;AM;F;H;FH;225;;A_1225;;;;30;5251;0;0;0;0;0;0;0;0
B2;4;280314;KS;Germany;AM;C;NH;C1;226;;A_1226;53;;38;30;5251;0;0;0;0;0;0;0;0
B2;4;280314;KS;Germany;AM;M;NH;M1;227;;A_1227;98;;30;30;5251;0;0;0;0;0;0;0;0
B2;4;280314;KS;Germany;AM;F;NH;F1;228;;A_1228;63;;36;30;5251;1;0;179;0;0;0;0;0
B2;4;280314;KS;Germany;AM;C;NH;C2;229;;A_1229;70;;;30;5251;0;0;0;0;0;0;0;0
B2;4;280314;KS;Germany;AM;M;NH;M2;230;;A_1230;;;;30;5251;0;0;0;0;0;0;0;0
B2;4;280314;KS;Germany;AM;F;NH;F2;231;;A_1231;50;;31;30;5251;1;0;131;0;0;0;0;0
B2;4;280314;KS;Germany;AM;C;H;CH;232;;A_1232;57;;29;30;5251;0;0;0;0;2;1;1101;409
B2;4;280314;KS;Germany;AM;M;H;MH;233;;A_1233;71;;25;30;5251;0;0;0;0;0;0;0;0
B2;4;280314;KS;Germany;AM;F;H;FH;234;;A_1234;;;;30;5251;0;0;0;0;0;0;0;0
B2;4;280314;KS;Germany;AM;C;NH;C1;235;;A_1235;63;;25;30;5251;1;1;593;212;0;0;0;0
B2;4;280314;KS;Germany;AM;M;NH;M1;236;;A_1236;83;;41;30;5251;0;0;0;0;5;3;2326;1209
B2;4;280314;KS;Germany;AM;F;NH;F1;237;;A_1237;55;;36;30;5251;0;0;0;0;2;0;3551;0
B2;4;280314;KS;Germany;AM;C;NH;C2;238;;A_1238;;;;30;5251;0;0;0;0;0;0;0;0
B2;4;280314;KS;Germany;AM;M;NH;M2;239;;A_1239;;;;30;5251;0;0;0;0;0;0;0;0
B2;4;280314;KS;Germany;AM;F;NH;F2;240;;A_1240;;;;30;5251;0;0;0;0;0;0;0;0
B2;4;280314;EC;Japan;AM;C;H;CH;241;;A_1241;51;;46;30;5394;1;1;1064;504;0;0;0;0
B2;4;280314;EC;Japan;AM;M;H;MH;242;;A_1242;72;;35;30;5394;1;0;316;0;0;0;0;0
B2;4;280314;EC;Japan;AM;F;H;FH;243;;A_1243;69;;36;30;5394;0;0;0;0;0;0;0;0
B2;4;280314;EC;Japan;AM;C;NH;C1;244;;A_1244;59;;31;30;5394;0;0;0;0;2;0;358;0
B2;4;280314;EC;Japan;AM;M;NH;M1;245;;A_1245;;;;30;5394;0;0;0;0;0;0;0;0
B2;4;280314;EC;Japan;AM;F;NH;F1;246;;A_1246;41;;40;30;5394;1;0;177;0;2;0;391;0
B2;4;280314;EC;Japan;AM;C;NH;C2;247;;A_1247;56;;38;30;5394;0;0;0;0;0;0;0;0
B2;4;280314;EC;Japan;AM;M;NH;M2;248;;A_1248;54;;38;30;5394;0;0;0;0;0;0;0;0
B2;4;280314;EC;Japan;AM;F;NH;F2;249;;A_1249;52;;33;30;5394;0;0;0;0;0;0;0;0
B2;4;280314;EC;Japan;AM;C;H;CH;250;;A_1250;48;;32;30;5394;0;0;0;0;0;0;0;0
B2;4;280314;EC;Japan;AM;M;H;MH;251;;A_1251;67;;35;30;5394;2;0;365;0;0;0;0;0
B2;4;280314;EC;Japan;AM;F;H;FH;252;;A_1252;;;;30;5394;0;0;0;0;0;0;0;0
B2;4;280314;EC;Japan;AM;C;NH;C1;253;;A_1253;52;;37;30;5394;4;0;1090;0;0;0;0;0
B2;4;280314;EC;Japan;AM;M;NH;M1;254;;A_1254;84;;40;30;5394;1;0;180;0;1;0;176;0
B2;4;280314;EC;Japan;AM;F;NH;F1;255;;A_1255;58;;46;30;5394;0;0;0;0;3;0;985;0
B2;4;280314;EC;Japan;AM;C;NH;C2;256;;A_1256;50;;30;30;5394;1;0;209;0;2;0;1313;0
B2;4;280314;EC;Japan;AM;M;NH;M2;257;;A_1257;45;;51;30;5394;0;0;0;0;4;1;2081;916
B2;4;280314;EC;Japan;AM;F;NH;F2;258;;A_1258;58;;50;30;5394;2;0;360;0;2;0;360;0
B2;4;280314;EC;Japan;AM;C;H;CH;259;;A_1259;83;;34;30;5394;2;0;494;0;0;0;0;0
B2;4;280314;EC;Japan;AM;M;H;MH;260;;A_1260;52;;34;30;5394;0;0;0;0;0;0;0;0
B2;4;280314;EC;Japan;AM;F;H;FH;261;;A_1261;56;;35;30;5394;1;1;335;158;3;0;761;0
B2;4;280314;EC;Japan;AM;C;NH;C1;262;;A_1262;73;;23;30;5394;1;0;120;0;0;0;0;0
B2;4;280314;EC;Japan;AM;M;NH;M1;263;;A_1263;75;;36;30;5394;1;0;165;0;1;0;351;0
B2;4;280314;EC;Japan;AM;F;NH;F1;264;;A_1264;44;;;30;5394;0;0;0;0;0;0;0;0
B2;4;280314;EC;Japan;AM;C;NH;C2;265;;A_1265;56;;35;30;5394;0;0;0;0;2;1;1092;351
B2;4;280314;EC;Japan;AM;M;NH;M2;266;;A_1266;79;;30;30;5394;0;0;0;0;0;0;0;0
B2;4;280314;EC;Japan;AM;F;NH;F2;267;;A_1267;;;;30;5394;0;0;0;0;0;0;0;0
B2;4;280314;EC;Japan;AM;C;H;CH;268;;A_1268;;;;30;5394;0;0;0;0;0;0;0;0
B2;4;280314;EC;Japan;AM;M;H;MH;269;;A_1269;;;;30;5394;0;0;0;0;0;0;0;0
B2;4;280314;EC;Japan;AM;F;H;FH;270;;A_1270;;;;30;5394;0;0;0;0;0;0;0;0
B2;4;280314;PD;Argentina;PM;C;NH;C1;271;;A_1271;65;;26;30;5265;2;1;1697;711;0;0;0;0
B2;4;280314;PD;Argentina;PM;M;NH;M1;272;;A_1272;114;;46;30;5265;0;0;0;0;4;1;2066;1180
B2;4;280314;PD;Argentina;PM;F;NH;F1;273;;A_1273;63;;36;30;5265;0;0;0;0;0;0;0;0
B2;4;280314;PD;Argentina;PM;C;NH;C2;274;;A_1274;83;;52;30;5265;3;0;526;0;0;0;0;0
B2;4;280314;PD;Argentina;PM;M;NH;M2;275;;A_1275;54;;34;30;5265;0;0;0;0;1;1;459;173
B2;4;280314;PD;Argentina;PM;F;NH;F2;276;;A_1276;40;;31;30;5265;3;0;536;0;1;1;910;528
B2;4;280314;PD;Argentina;PM;C;H;CH;277;;A_1277;85;;32;30;5265;0;0;0;0;0;0;0;0
B2;4;280314;PD;Argentina;PM;M;H;MH;278;;A_1278;43;;34;30;5265;1;0;175;0;2;2;1454;703
B2;4;280314;PD;Argentina;PM;F;H;FH;279;;A_1279;63;;31;30;5265;3;0;642;0;2;0;629;0
B2;4;280314;PD;Argentina;PM;C;NH;C1;280;;A_1280;52;;48;30;5265;1;0;186;0;2;0;388;0
B2;4;280314;PD;Argentina;PM;M;NH;M1;281;;A_1281;70;;34;30;5265;1;0;566;0;0;0;0;0
B2;4;280314;PD;Argentina;PM;F;NH;F1;282;;A_1282;62;;;30;5265;0;0;0;0;0;0;0;0
B2;4;280314;PD;Argentina;PM;C;NH;C2;283;;A_1283;69;;;30;5265;0;0;0;0;0;0;0;0
B2;4;280314;PD;Argentina;PM;M;NH;M2;284;;A_1284;65;;29;30;5265;1;0;173;0;2;1;1604;351
B2;4;280314;PD;Argentina;PM;F;NH;F2;285;;A_1285;101;;36;30;5265;0;0;0;0;2;0;344;0
B2;4;280314;PD;Argentina;PM;C;H;CH;286;;A_1286;61;;38;30;5265;2;0;366;0;1;1;1257;1063
B2;4;280314;PD;Argentina;PM;M;H;MH;287;;A_1287;75;;40;30;5265;0;0;0;0;1;0;180;0
B2;4;280314;PD;Argentina;PM;F;H;FH;288;;A_1288;70;;30;30;5265;0;0;0;0;1;0;332;0
B2;4;280314;PD;Argentina;PM;C;NH;C1;289;;A_1289;79;;39;30;5265;3;0;1099;0;0;0;0;0
B2;4;280314;PD;Argentina;PM;M;NH;M1;290;;A_1290;73;;31;30;5265;0;0;0;0;1;0;182;0
B2;4;280314;PD;Argentina;PM;F;NH;F1;291;;A_1291;49;;31;30;5265;3;0;725;0;0;0;0;0
B2;4;280314;PD;Argentina;PM;C;NH;C2;292;;A_1292;67;;27;30;5265;0;0;0;0;0;0;0;0
B2;4;280314;PD;Argentina;PM;M;NH;M2;293;;A_1293;71;;30;30;5265;0;0;0;0;2;1;1195;348
B2;4;280314;PD;Argentina;PM;F;NH;F2;294;;A_1294;57;;31;30;5265;2;0;281;0;0;0;0;0
B2;4;280314;PD;Argentina;PM;C;H;CH;295;;A_1295;;;;30;5265;0;0;0;0;0;0;0;0
B2;4;280314;PD;Argentina;PM;M;H;MH;296;;A_1296;;;;30;5265;0;0;0;0;0;0;0;0
B2;4;280314;PD;Argentina;PM;F;H;FH;297;;A_1297;;;;30;5265;0;0;0;0;0;0;0;0
B2;4;280314;PD;Argentina;PM;C;NH;C1;298;;A_1298;;;;30;5265;0;0;0;0;0;0;0;0
B2;4;280314;PD;Argentina;PM;M;NH;M1;299;;A_1299;;;;30;5265;0;0;0;0;0;0;0;0
B2;4;280314;PD;Argentina;PM;F;NH;F1;300;;A_1300;;;;30;5265;0;0;0;0;0;0;0;0
B2;4;280314;NB;Jamaica;PM;C;NH;C2;301;;A_1301;45;;36;29;5138;0;0;0;0;1;0;93;0
B2;4;280314;NB;Jamaica;PM;M;NH;M1;302;;A_1302;76;;27;29;5138;1;0;97;0;0;0;0;0
B2;4;280314;NB;Jamaica;PM;F;NH;F2;303;;A_1303;58;;39;29;5138;1;0;175;0;0;0;0;0
B2;4;280314;NB;Jamaica;PM;C;H;CH;304;;A_1304;66;;39;29;5138;0;0;0;0;0;0;0;0
B2;4;280314;NB;Jamaica;PM;M;H;MH;305;;A_1305;61;;38;29;5138;2;0;365;0;2;0;541;0
B2;4;280314;NB;Jamaica;PM;F;H;FH;306;;A_1306;94;;42;29;5138;2;1;654;186;1;0;184;0
B2;4;280314;NB;Jamaica;PM;C;NH;C1;307;;A_1307;56;;35;29;5138;0;0;0;0;6;0;1739;0
B2;4;280314;NB;Jamaica;PM;M;NH;M1;308;;A_1308;84;;35;29;5138;2;0;542;0;0;0;0;0
B2;4;280314;NB;Jamaica;PM;F;NH;F1;309;;A_1309;69;;39;29;5138;0;0;0;0;4;0;3910;0
B2;4;280314;NB;Jamaica;PM;C;NH;C2;310;;A_1310;87;;21;29;5138;2;0;535;0;0;0;0;0
B2;4;280314;NB;Jamaica;PM;M;NH;M2;311;;A_1311;57;;44;29;5138;2;1;2839;86;3;0;535;0
B2;4;280314;NB;Jamaica;PM;F;NH;F2;312;;A_1312;55;;31;29;5138;5;0;926;0;0;0;0;0
B2;4;280314;NB;Jamaica;PM;C;H;CH;313;;A_1313;62;;36;29;5138;0;0;0;0;0;0;0;0
B2;4;280314;NB;Jamaica;PM;M;H;MH;314;;A_1314;70;;26;29;5138;1;0;180;0;1;0;165;0
B2;4;280314;NB;Jamaica;PM;F;H;FH;315;;A_1315;;;;29;5138;0;0;0;0;0;0;0;0
B2;4;280314;NB;Jamaica;PM;C;NH;C1;316;;A_1316;73;;33;29;5138;0;0;0;0;3;0;668;0
B2;4;280314;NB;Jamaica;PM;M;NH;M1;317;;A_1317;84;;39;29;5138;1;1;535;175;2;0;354;0
B2;4;280314;NB;Jamaica;PM;F;NH;F1;318;;A_1318;62;;59;29;5138;1;0;407;0;7;0;1488;0
B2;4;280314;NB;Jamaica;PM;C;NH;C2;319;;A_1319;59;;37;29;5138;0;0;0;0;3;0;3107;0
B2;4;280314;NB;Jamaica;PM;M;NH;M2;320;;A_1320;79;;28;29;5138;0;0;0;0;0;0;0;0
B2;4;280314;NB;Jamaica;PM;F;NH;F2;321;;A_1321;55;;39;29;5138;4;0;1067;0;0;0;0;0
B2;4;280314;NB;Jamaica;PM;C;H;CH;322;;A_1322;88;;24;29;5138;1;0;320;0;0;0;0;0
B2;4;280314;NB;Jamaica;PM;M;H;MH;323;;A_1323;74;;35;29;5138;4;0;1029;0;0;0;0;0
B2;4;280314;NB;Jamaica;PM;F;H;FH;324;;A_1324;80;;36;29;5138;0;0;0;0;3;1;1733;905
B2;4;280314;NB;Jamaica;PM;C;NH;C1;325;;A_1325;;;;29;5138;0;0;0;0;0;0;0;0
B2;4;280314;NB;Jamaica;PM;M;NH;M2;326;;A_1326;;;;29;5138;0;0;0;0;0;0;0;0
B2;4;280314;NB;Jamaica;PM;F;NH;F1;327;;A_1327;;;;29;5138;0;0;0;0;0;0;0;0
B2;4;280314;NB;Jamaica;PM;C;NH;C2;328;;A_1328;;;;29;5138;0;0;0;0;0;0;0;0
B2;4;280314;NB;Jamaica;PM;M;NH;M2;329;;A_1329;;;;29;5138;0;0;0;0;0;0;0;0
B2;4;280314;NB;Jamaica;PM;F;NH;F2;330;;A_1330;;;;29;5138;0;0;0;0;0;0;0;0
B2;4;280314;PD;Nigeria;PM;C;H;CH;331;;A_1331;70;;41;30;5274;0;0;0;0;1;0;187;0
B2;4;280314;PD;Nigeria;PM;M;H;MH;332;;A_1332;62;;33;30;5274;0;0;0;0;4;0;1277;0
B2;4;280314;PD;Nigeria;PM;F;H;FH;333;;A_1333;68;;30;30;5274;2;0;538;0;0;0;0;0
B2;4;280314;PD;Nigeria;PM;C;NH;C1;334;;A_1334;81;;32;30;5274;2;0;344;0;1;0;185;0
B2;4;280314;PD;Nigeria;PM;M;NH;M1;335;;A_1335;85;;40;30;5274;1;1;1261;173;0;0;0;0
B2;4;280314;PD;Nigeria;PM;F;NH;F1;336;;A_1336;61;;46;30;5274;0;0;0;0;2;0;361;0
B2;4;280314;PD;Nigeria;PM;C;NH;C2;337;;A_1337;46;;37;30;5274;2;0;343;0;0;0;0;0
B2;4;280314;PD;Nigeria;PM;M;NH;M2;338;;A_1338;44;;44;30;5274;4;0;1093;0;3;0;550;0
B2;4;280314;PD;Nigeria;PM;F;NH;F2;339;;A_1339;52;;41;30;5274;1;0;181;0;1;0;372;0
B2;4;280314;PD;Nigeria;PM;C;H;CH;340;;A_1340;72;;39;30;5274;3;1;938;194;3;0;523;0
B2;4;280314;PD;Nigeria;PM;M;H;MH;341;;A_1341;73;;27;30;5274;0;0;0;0;1;0;712;0
B2;4;280314;PD;Nigeria;PM;F;H;FH;342;;A_1342;71;;38;30;5274;1;0;156;0;0;0;0;0
B2;4;280314;PD;Nigeria;PM;C;NH;C1;343;;A_1343;58;;29;30;5274;3;0;534;0;0;0;0;0
B2;4;280314;PD;Nigeria;PM;M;NH;M1;344;;A_1344;79;;41;30;5274;0;0;0;0;0;0;0;0
B2;4;280314;PD;Nigeria;PM;F;NH;F1;345;;A_1345;99;;43;30;5274;0;0;0;0;1;0;911;0
B2;4;280314;PD;Nigeria;PM;C;NH;C2;346;;A_1346;52;;47;30;5274;1;0;184;0;2;0;358;0
B2;4;280314;PD;Nigeria;PM;M;NH;M2;347;;A_1347;61;;31;30;5274;0;0;0;0;0;0;0;0
B2;4;280314;PD;Nigeria;PM;F;NH;F2;348;;A_1348;42;;33;30;5274;0;0;0;0;1;0;185;0
B2;4;280314;PD;Nigeria;PM;C;H;CH;349;;A_1349;;;;30;5274;0;0;0;0;0;0;0;0
B2;4;280314;PD;Nigeria;PM;M;H;MH;350;;A_1350;;;;30;5274;0;0;0;0;0;0;0;0
B2;4;280314;PD;Nigeria;PM;F;H;FH;351;;A_1351;54;;29;30;5274;3;0;474;0;0;0;0;0
B2;4;280314;PD;Nigeria;PM;C;NH;C1;352;;A_1352;47;;37;30;5274;1;0;160;0;0;0;0;0
B2;4;280314;PD;Nigeria;PM;M;NH;M1;353;;A_1353;57;;36;30;5274;4;0;727;0;1;0;163;0
B2;4;280314;PD;Nigeria;PM;F;NH;F1;354;;A_1354;61;;60;30;5274;1;0;196;0;1;0;190;0
B2;4;280314;PD;Nigeria;PM;C;NH;C2;355;;A_1355;51;;62;30;5274;0;0;0;0;0;0;0;0
B2;4;280314;PD;Nigeria;PM;M;NH;M2;356;;A_1356;;;;30;5274;0;0;0;0;0;0;0;0
B2;4;280314;PD;Nigeria;PM;F;NH;F2;357;;A_1357;;;;30;5274;0;0;0;0;0;0;0;0
B2;4;280314;PD;Nigeria;PM;C;H;CH;358;;A_1358;;;;30;5274;0;0;0;0;0;0;0;0
B2;4;280314;PD;Nigeria;PM;M;H;MH;359;;A_1359;;;;30;5274;0;0;0;0;0;0;0;0
B2;4;280314;PD;Nigeria;PM;F;H;FH;360;;A_1360;;;;30;5274;0;0;0;0;0;0;0;0
B3;1;020414;NB;France;AM;C;NH;C1;361;P_361;;119;48;;30;5308;2;1;1249;152;2;2;977;261
B3;1;020414;NB;France;AM;M;NH;M1;362;P_362;;73;58;;30;5308;2;1;593;182;1;1;649;148
B3;1;020414;NB;France;AM;F;NH;F1;363;P_363;;44;56;;30;5308;1;1;540;367;3;1;1265;393
B3;1;020414;NB;France;AM;C;NH;C2;364;P_364;;29;74;;30;5308;2;1;920;190;2;0;515;0
B3;1;020414;NB;France;AM;M;NH;M2;365;P_365;;51;44;;30;5308;1;0;178;0;2;1;1076;90
B3;1;020414;NB;France;AM;F;NH;F2;366;P_366;;55;43;;30;5308;2;1;1214;428;3;1;2527;370
B3;1;020414;NB;France;AM;C;H;CH;367;P_367;;54;59;;30;5308;2;1;1033;232;1;0;1016;0
B3;1;020414;NB;France;AM;M;H;MH;368;P_368;;75;51;;30;5308;1;1;461;301;2;1;2723;171
B3;1;020414;NB;France;AM;F;H;FH;369;P_369;;47;51;;30;5308;1;1;1400;531;2;1;2254;513
B3;1;020414;NB;France;AM;C;NH;C1;370;P_370;;47;79;;30;5308;1;1;704;131;0;0;0;0
B3;1;020414;NB;France;AM;M;NH;M1;371;P_371;;62;58;;30;5308;2;1;1463;1153;1;1;3965;1749
B3;1;020414;NB;France;AM;F;NH;F1;372;P_372;;47;54;;30;5308;1;1;512;137;1;1;1626;171
B3;1;020414;NB;France;AM;C;NH;C2;373;P_373;;53;31;;30;5308;3;0;927;0;2;1;1312;227
B3;1;020414;NB;France;AM;M;NH;M2;374;P_374;;96;45;;30;5308;2;0;500;0;1;1;1460;849
B3;1;020414;NB;France;AM;F;NH;F2;375;P_375;;44;36;;30;5308;2;1;767;238;2;2;911;365
B3;1;020414;NB;France;AM;C;H;CH;376;P_376;;69;50;;30;5308;1;0;186;0;3;2;1634;312
B3;1;020414;NB;France;AM;M;H;MH;377;P_377;;35;52;;30;5308;0;0;0;0;0;0;0;0
B3;1;020414;NB;France;AM;F;H;FH;378;P_378;;47;60;;30;5308;4;1;1252;360;1;1;1170;536
B3;1;020414;NB;France;AM;C;NH;C1;379;P_379;;73;77;;30;5308;2;1;1905;1188;2;1;1285;349
B3;1;020414;NB;France;AM;M;NH;M1;380;P_380;;97;103;;30;5308;3;1;1201;195;3;1;1362;153
B3;1;020414;NB;France;AM;F;NH;F1;381;P_381;;56;37;;30;5308;1;1;927;391;2;2;1581;320
B3;1;020414;NB;France;AM;C;NH;C2;382;P_382;;76;71;;30;5308;2;1;919;201;5;1;1876;438
B3;1;020414;NB;France;AM;M;NH;M2;383;P_383;;51;71;;30;5308;0;0;0;0;4;1;1274;435
B3;1;020414;NB;France;AM;F;NH;F2;384;P_384;;32;48;;30;5308;1;1;495;202;3;1;1146;323
B3;1;020414;NB;France;AM;C;H;CH;385;P_385;;54;56;;30;5308;1;1;572;388;2;0;1081;0
B3;1;020414;NB;France;AM;M;H;MH;386;P_386;;34;59;;30;5308;1;0;74;0;1;0;354;0
B3;1;020414;NB;France;AM;F;H;FH;387;P_387;;41;48;;30;5308;1;0;184;0;1;1;434;228
B3;1;020414;NB;France;AM;C;NH;C1;388;P_388;;67;44;;30;5308;3;2;3017;549;1;0;700;0
B3;1;020414;NB;France;AM;M;NH;M1;389;P_389;;74;98;;30;5308;3;1;1274;425;2;1;1050;344
B3;1;020414;NB;France;AM;F;NH;F1;390;P_390;;49;44;;30;5308;1;1;404;115;1;0;1253;0
B3;1;020414;KS;Germany;AM;C;NH;C2;391;P_391;;102;60;;30;5261;1;1;536;175;1;1;1081;528
B3;1;020414;KS;Germany;AM;M;NH;M2;392;P_392;;50;62;;30;5261;1;0;1090;0;0;0;0;0
B3;1;020414;KS;Germany;AM;F;NH;F2;393;P_393;;60;35;;30;5261;3;2;882;345;3;1;909;183
B3;1;020414;KS;Germany;AM;C;H;CH;394;P_394;;60;48;;30;5261;1;1;922;186;2;1;1413;173
B3;1;020414;KS;Germany;AM;M;H;MH;395;P_395;;54;88;;30;5261;1;1;547;180;4;1;2357;375
B3;1;020414;KS;Germany;AM;F;H;FH;396;P_396;;52;63;;30;5261;2;1;720;183;3;3;1558;546
B3;1;020414;KS;Germany;AM;C;NH;C1;397;P_397;;68;55;;30;5261;2;1;705;189;4;2;1848;371
B3;1;020414;KS;Germany;AM;M;NH;M1;398;P_398;;90;86;;30;5261;1;0;701;0;1;1;1066;349
B3;1;020414;KS;Germany;AM;F;NH;F1;399;P_399;;86;56;;30;5261;1;1;871;168;3;2;2290;737
B3;1;020414;KS;Germany;AM;C;NH;C2;400;P_400;;44;77;;30;5261;2;1;1114;538;2;1;1603;346
B3;1;020414;KS;Germany;AM;M;NH;M2;401;P_401;;64;76;;30;5261;2;1;741;168;1;1;1067;720
B3;1;020414;KS;Germany;AM;F;NH;F2;402;P_402;;55;51;;30;5261;1;1;1057;339;1;1;730;177
B3;1;020414;KS;Germany;AM;C;H;CH;403;P_403;;63;52;;30;5261;2;2;899;350;1;0;362;0
B3;1;020414;KS;Germany;AM;M;H;MH;404;P_404;;82;34;;30;5261;2;2;1065;682;1;1;704;174
B3;1;020414;KS;Germany;AM;F;H;FH;405;P_405;;55;76;;30;5261;1;1;372;180;1;1;1231;543
B3;1;020414;KS;Germany;AM;C;NH;C1;406;P_406;;62;67;;30;5261;5;1;2996;177;0;0;0;0
B3;1;020414;KS;Germany;AM;M;NH;M1;407;P_407;;86;58;;30;5261;3;1;2091;177;2;1;930;182
B3;1;020414;KS;Germany;AM;F;NH;F1;408;P_408;;42;42;;30;5261;1;1;1863;1320;0;0;0;0
B3;1;020414;KS;Germany;AM;C;NH;C2;409;P_409;;94;88;;30;5261;2;1;891;358;1;1;1283;353
B3;1;020414;KS;Germany;AM;M;NH;M2;410;P_410;;72;83;;30;5261;1;1;1130;749;2;0;575;0
B3;1;020414;KS;Germany;AM;F;NH;F2;411;P_411;;56;61;;30;5261;1;0;454;0;1;1;885;159
B3;1;020414;KS;Germany;AM;C;H;CH;412;P_412;;57;69;;30;5261;1;1;810;372;1;1;1019;161
B3;1;020414;KS;Germany;AM;M;H;MH;413;P_413;;52;58;;30;5261;1;1;516;171;1;1;638;216
B3;1;020414;KS;Germany;AM;F;H;FH;414;P_414;;47;53;;30;5261;2;0;593;0;2;0;487;0
B3;1;020414;KS;Germany;AM;C;NH;C1;415;P_415;;62;112;;30;5261;0;0;0;0;1;1;2702;338
B3;1;020414;KS;Germany;AM;M;NH;M1;416;P_416;;90;88;;30;5261;1;1;1247;168;2;1;2325;728
B3;1;020414;KS;Germany;AM;F;NH;F1;417;P_417;;37;57;;30;5261;1;0;360;0;1;1;1094;333
B3;1;020414;KS;Germany;AM;C;NH;C2;418;P_418;;62;65;;30;5261;2;2;1857;1291;2;1;848;497
B3;1;020414;KS;Germany;AM;M;NH;M2;419;P_419;;37;58;;30;5261;6;3;2329;1063;2;0;322;0
B3;1;020414;KS;Germany;AM;F;NH;F2;420;P_420;;49;72;;30;5261;1;0;539;0;2;0;536;0
B3;1;020414;EC;Japan;AM;C;H;CH;421;P_421;;59;78;;30;5524;1;1;1254;958;1;0;600;0
B3;1;020414;EC;Japan;AM;M;H;MH;422;P_422;;77;44;;30;5524;2;1;773;362;1;0;638;0
B3;1;020414;EC;Japan;AM;F;H;FH;423;P_423;;70;73;;30;5524;2;1;812;209;2;1;772;184
B3;1;020414;EC;Japan;AM;C;NH;C1;424;P_424;;74;75;;30;5524;1;1;547;168;2;2;3209;1384
B3;1;020414;EC;Japan;AM;M;NH;M1;425;P_425;;93;74;;30;5524;0;0;0;0;2;1;1164;378
B3;1;020414;EC;Japan;AM;F;NH;F1;426;P_426;;48;38;;30;5524;2;1;816;206;3;2;1192;537
B3;1;020414;EC;Japan;AM;C;NH;C2;427;P_427;;62;64;;30;5524;1;1;952;572;1;1;541;186
B3;1;020414;EC;Japan;AM;M;NH;M2;428;P_428;;48;30;;30;5524;2;0;551;0;1;0;412;0
B3;1;020414;EC;Japan;AM;F;NH;F2;429;P_429;;48;55;;30;5524;1;1;461;262;1;1;747;376
B3;1;020414;EC;Japan;AM;C;H;CH;430;P_430;;57;66;;30;5524;2;2;1523;740;1;1;362;175
B3;1;020414;EC;Japan;AM;M;H;MH;431;P_431;;41;79;;30;5524;2;0;1113;0;2;1;564;196
B3;1;020414;EC;Japan;AM;F;H;FH;432;P_432;;46;32;;30;5524;1;0;389;0;1;0;838;0
B3;1;020414;EC;Japan;AM;C;NH;C1;433;P_433;;68;58;;30;5524;0;0;0;0;4;1;3914;349
B3;1;020414;EC;Japan;AM;M;NH;M1;434;P_434;;125;59;;30;5524;2;0;371;0;2;1;593;198
B3;1;020414;EC;Japan;AM;F;NH;F1;435;P_435;;57;71;;30;5524;1;1;561;190;0;0;0;0
B3;1;020414;EC;Japan;AM;C;NH;C2;436;P_436;;54;61;;30;5524;2;0;423;0;3;1;2713;953
B3;1;020414;EC;Japan;AM;M;NH;M2;437;P_437;;53;38;;30;5524;3;1;1194;653;2;1;729;174
B3;1;020414;EC;Japan;AM;F;NH;F2;438;P_438;;47;51;;30;5524;2;2;3072;1134;1;0;170;0
B3;1;020414;EC;Japan;AM;C;H;CH;439;P_439;;73;51;;30;5524;2;1;1501;974;1;0;235;0
B3;1;020414;EC;Japan;AM;M;H;MH;440;P_440;;59;53;;30;5524;4;1;863;77;2;0;617;0
B3;1;020414;EC;Japan;AM;F;H;FH;441;P_441;;61;90;;30;5524;1;0;430;0;1;1;709;358
B3;1;020414;EC;Japan;AM;C;NH;C1;442;P_442;;59;52;;30;5524;1;0;91;0;3;2;2720;1134
B3;1;020414;EC;Japan;AM;M;NH;M1;443;P_443;;66;77;;30;5524;1;1;417;215;1;1;2656;1559
B3;1;020414;EC;Japan;AM;F;NH;F1;444;P_444;;49;52;;30;5524;2;1;668;200;1;1;887;166
B3;1;020414;EC;Japan;AM;C;NH;C2;445;P_445;;44;73;;30;5524;2;0;644;0;4;1;953;196
B3;1;020414;EC;Japan;AM;M;NH;M2;446;P_446;;69;37;;30;5524;3;0;555;0;0;0;0;0
B3;1;020414;EC;Japan;AM;F;NH;F2;447;P_447;;46;57;;30;5524;1;1;926;419;0;0;0;0
B3;1;020414;EC;Japan;AM;C;H;CH;448;P_448;;65;72;;30;5524;1;1;541;348;2;2;1855;555
B3;1;020414;EC;Japan;AM;M;H;MH;449;P_449;;38;69;;30;5524;2;0;632;0;1;1;571;394
B3;1;020414;EC;Japan;AM;F;H;FH;450;P_450;;55;20;;30;5524;1;1;348;165;0;0;0;0
B3;2;030414;NB;France;AM;C;NH;C1;361;P_361;;110;39;;30;5323;3;0;652;0;0;0;0;0
B3;2;030414;NB;France;AM;M;NH;M1;362;P_362;;77;59;;30;5323;1;1;542;352;1;1;1620;361
B3;2;030414;NB;France;AM;F;NH;F1;363;P_363;;44;51;;30;5323;1;0;176;0;2;0;369;0
B3;2;030414;NB;France;AM;C;NH;C2;364;P_364;;26;76;;30;5323;2;1;1194;368;2;1;2340;1788
B3;2;030414;NB;France;AM;M;NH;M2;365;P_365;;53;44;;30;5323;0;0;0;0;1;0;174;0
B3;2;030414;NB;France;AM;F;NH;F2;366;P_366;;58;37;;30;5323;0;0;0;0;1;1;537;344
B3;2;030414;NB;France;AM;C;H;CH;367;P_367;;55;62;;30;5323;0;0;0;0;1;1;916;357
B3;2;030414;NB;France;AM;M;H;MH;368;P_368;;78;48;;30;5323;1;0;161;0;2;0;380;0
B3;2;030414;NB;France;AM;F;H;FH;369;P_369;;47;54;;30;5323;0;0;0;0;0;0;0;0
B3;2;030414;NB;France;AM;C;NH;C1;370;P_370;;44;73;;30;5323;0;0;0;0;1;1;529;158
B3;2;030414;NB;France;AM;M;NH;M1;371;P_371;;69;62;;30;5323;2;1;526;196;0;0;0;0
B3;2;030414;NB;France;AM;F;NH;F1;372;P_372;;40;47;;30;5323;1;0;191;0;0;0;0;0
B3;2;030414;NB;France;AM;C;NH;C2;373;P_373;;51;31;;30;5323;0;0;0;0;0;0;0;0
B3;2;030414;NB;France;AM;M;NH;M2;374;P_374;;84;44;;30;5323;1;1;896;529;0;0;0;0
B3;2;030414;NB;France;AM;F;NH;F2;375;P_375;;39;50;;30;5323;0;0;0;0;2;1;494;114
B3;2;030414;NB;France;AM;C;H;CH;376;P_376;;66;53;;30;5323;1;0;162;0;2;0;554;0
B3;2;030414;NB;France;AM;M;H;MH;377;P_377;;;55;;30;5323;0;0;0;0;0;0;0;0
B3;2;030414;NB;France;AM;F;H;FH;378;P_378;;38;54;;30;5323;0;0;0;0;0;0;0;0
B3;2;030414;NB;France;AM;C;NH;C1;379;P_379;;72;70;;30;5323;1;1;2607;1703;1;0;186;0
B3;2;030414;NB;France;AM;M;NH;M1;380;P_380;;85;94;;30;5323;1;1;364;174;2;0;3152;0
B3;2;030414;NB;France;AM;F;NH;F1;381;P_381;;48;39;;30;5323;0;0;0;0;0;0;0;0
B3;2;030414;NB;France;AM;C;NH;C2;382;P_382;;66;65;;30;5323;0;0;0;0;0;0;0;0
B3;2;030414;NB;France;AM;M;NH;M2;383;P_383;;43;69;;30;5323;3;1;729;165;0;0;0;0
B3;2;030414;NB;France;AM;F;NH;F2;384;P_384;;25;46;;30;5323;0;0;0;0;0;0;0;0
B3;2;030414;NB;France;AM;C;H;CH;385;P_385;;45;47;;30;5323;1;0;499;0;1;0;120;0
B3;2;030414;NB;France;AM;M;H;MH;386;P_386;;28;64;;30;5323;2;1;950;356;3;0;1118;0
B3;2;030414;NB;France;AM;F;H;FH;387;P_387;;36;48;;30;5323;2;0;295;0;2;0;559;0
B3;2;030414;NB;France;AM;C;NH;C1;388;P_388;;58;47;;30;5323;1;0;353;0;0;0;0;0
B3;2;030414;NB;France;AM;M;NH;M1;389;P_389;;63;87;;30;5323;1;1;333;193;1;1;930;738
B3;2;030414;NB;France;AM;F;NH;F1;390;P_390;;38;43;;30;5323;1;0;499;0;0;0;0;0
B3;2;030414;KS;Germany;AM;C;NH;C2;391;P_391;;99;58;;30;5243;0;0;0;0;0;0;0;0
B3;2;030414;KS;Germany;AM;M;NH;M2;392;P_392;;48;49;;30;5243;2;1;2787;1825;0;0;0;0
B3;2;030414;KS;Germany;AM;F;NH;F2;393;P_393;;57;28;;30;5243;2;1;994;356;1;0;704;0
B3;2;030414;KS;Germany;AM;C;H;CH;394;P_394;;56;71;;30;5243;1;0;182;0;1;1;387;195
B3;2;030414;KS;Germany;AM;M;H;MH;395;P_395;;46;43;;30;5243;0;0;0;0;1;0;712;0
B3;2;030414;KS;Germany;AM;F;H;FH;396;P_396;;49;59;;30;5243;0;0;0;0;1;0;284;0
B3;2;030414;KS;Germany;AM;C;NH;C1;397;P_397;;72;50;;30;5243;3;0;525;0;0;0;0;0
B3;2;030414;KS;Germany;AM;M;NH;M1;398;P_398;;81;77;;30;5243;1;1;772;395;0;0;0;0
B3;2;030414;KS;Germany;AM;F;NH;F1;399;P_399;;71;49;;30;5243;0;0;0;0;1;1;638;374
B3;2;030414;KS;Germany;AM;C;NH;C2;400;P_400;;45;70;;30;5243;0;0;0;0;0;0;0;0
B3;2;030414;KS;Germany;AM;M;NH;M2;401;P_401;;63;68;;30;5243;0;0;0;0;0;0;0;0
B3;2;030414;KS;Germany;AM;F;NH;F2;402;P_402;;56;50;;30;5243;0;0;0;0;0;0;0;0
B3;2;030414;KS;Germany;AM;C;H;CH;403;P_403;;73;53;;30;5243;1;1;551;94;0;0;0;0
B3;2;030414;KS;Germany;AM;M;H;MH;404;P_404;;79;31;;30;5243;1;1;1017;532;0;0;0;0
B3;2;030414;KS;Germany;AM;F;H;FH;405;P_405;;54;66;;30;5243;0;0;0;0;0;0;0;0
B3;2;030414;KS;Germany;AM;C;NH;C1;406;P_406;;61;54;;30;5243;2;2;1705;915;0;0;0;0
B3;2;030414;KS;Germany;AM;M;NH;M1;407;P_407;;71;54;;30;5243;1;0;166;0;2;1;1177;156
B3;2;030414;KS;Germany;AM;F;NH;F1;408;P_408;;36;39;;30;5243;2;0;2800;0;0;0;0;0
B3;2;030414;KS;Germany;AM;C;NH;C2;409;P_409;;89;87;;30;5243;1;0;161;0;1;1;712;345
B3;2;030414;KS;Germany;AM;M;NH;M2;410;P_410;;69;77;;30;5243;1;1;1034;690;2;0;375;0
B3;2;030414;KS;Germany;AM;F;NH;F2;411;P_411;;49;55;;30;5243;1;0;350;0;0;0;0;0
B3;2;030414;KS;Germany;AM;C;H;CH;412;P_412;;55;65;;30;5243;0;0;0;0;0;0;0;0
B3;2;030414;KS;Germany;AM;M;H;MH;413;P_413;;51;53;;30;5243;0;0;0;0;0;0;0;0
B3;2;030414;KS;Germany;AM;F;H;FH;414;P_414;;43;46;;30;5243;0;0;0;0;0;0;0;0
B3;2;030414;KS;Germany;AM;C;NH;C1;415;P_415;;54;90;;30;5243;0;0;0;0;0;0;0;0
B3;2;030414;KS;Germany;AM;M;NH;M1;416;P_416;;81;80;;30;5243;1;0;167;0;3;1;996;235
B3;2;030414;KS;Germany;AM;F;NH;F1;417;P_417;;38;47;;30;5243;0;0;0;0;1;1;368;165
B3;2;030414;KS;Germany;AM;C;NH;C2;418;P_418;;59;60;;30;5243;1;0;159;0;1;0;185;0
B3;2;030414;KS;Germany;AM;M;NH;M2;419;P_419;;40;52;;30;5243;1;0;255;0;3;0;453;0
B3;2;030414;KS;Germany;AM;F;NH;F2;420;P_420;;45;71;;30;5243;1;0;390;0;0;0;0;0
B3;2;030414;EC;Japan;AM;C;H;CH;421;P_421;;56;74;;30;5225;0;0;0;0;1;1;551;367
B3;2;030414;EC;Japan;AM;M;H;MH;422;P_422;;68;42;;30;5225;1;1;357;171;1;0;179;0
B3;2;030414;EC;Japan;AM;F;H;FH;423;P_423;;62;64;;30;5225;0;0;0;0;1;0;359;0
B3;2;030414;EC;Japan;AM;C;NH;C1;424;P_424;;71;70;;30;5225;1;1;362;173;1;1;902;486
B3;2;030414;EC;Japan;AM;M;NH;M1;425;P_425;;88;71;;30;5225;1;1;902;712;0;0;0;0
B3;2;030414;EC;Japan;AM;F;NH;F1;426;P_426;;44;32;;30;5225;1;1;701;183;0;0;0;0
B3;2;030414;EC;Japan;AM;C;NH;C2;427;P_427;;68;58;;30;5225;0;0;0;0;3;2;1059;313
B3;2;030414;EC;Japan;AM;M;NH;M2;428;P_428;;48;23;;30;5225;1;0;113;0;0;0;0;0
B3;2;030414;EC;Japan;AM;F;NH;F2;429;P_429;;44;48;;30;5225;0;0;0;0;1;0;189;0
B3;2;030414;EC;Japan;AM;C;H;CH;430;P_430;;55;60;;30;5225;1;0;376;0;1;1;910;372
B3;2;030414;EC;Japan;AM;M;H;MH;431;P_431;;40;68;;30;5225;1;0;197;0;0;0;0;0
B3;2;030414;EC;Japan;AM;F;H;FH;432;P_432;;42;32;;30;5225;0;0;0;0;0;0;0;0
B3;2;030414;EC;Japan;AM;C;NH;C1;433;P_433;;59;48;;30;5225;1;0;190;0;1;1;744;376
B3;2;030414;EC;Japan;AM;M;NH;M1;434;P_434;;120;52;;30;5225;1;1;553;197;1;0;103;0
B3;2;030414;EC;Japan;AM;F;NH;F1;435;P_435;;60;57;;30;5225;0;0;0;0;0;0;0;0
B3;2;030414;EC;Japan;AM;C;NH;C2;436;P_436;;50;56;;30;5225;0;0;0;0;0;0;0;0
B3;2;030414;EC;Japan;AM;M;NH;M2;437;P_437;;56;34;;30;5225;0;0;0;0;0;0;0;0
B3;2;030414;EC;Japan;AM;F;NH;F2;438;P_438;;47;49;;30;5225;0;0;0;0;0;0;0;0
B3;2;030414;EC;Japan;AM;C;H;CH;439;P_439;;75;45;;30;5225;2;0;459;0;2;2;1658;1245
B3;2;030414;EC;Japan;AM;M;H;MH;440;P_440;;58;47;;30;5225;2;0;432;0;1;1;1316;1105
B3;2;030414;EC;Japan;AM;F;H;FH;441;P_441;;55;72;;30;5225;0;0;0;0;0;0;0;0
B3;2;030414;EC;Japan;AM;C;NH;C1;442;P_442;;60;45;;30;5225;0;0;0;0;1;1;1077;382
B3;2;030414;EC;Japan;AM;M;NH;M1;443;P_443;;66;68;;30;5225;0;0;0;0;2;0;405;0
B3;2;030414;EC;Japan;AM;F;NH;F1;444;P_444;;47;59;;30;5225;1;0;148;0;0;0;0;0
B3;2;030414;EC;Japan;AM;C;NH;C2;445;P_445;;43;60;;30;5225;1;0;195;0;2;1;698;173
B3;2;030414;EC;Japan;AM;M;NH;M2;446;P_446;;59;33;;30;5225;1;0;194;0;0;0;0;0
B3;2;030414;EC;Japan;AM;F;NH;F2;447;P_447;;44;47;;30;5225;2;0;413;0;0;0;0;0
B3;2;030414;EC;Japan;AM;C;H;CH;448;P_448;;63;61;;30;5225;1;0;183;0;1;1;756;349
B3;2;030414;EC;Japan;AM;M;H;MH;449;P_449;;51;57;;30;5225;1;1;773;405;1;1;682;172
B3;2;030414;EC;Japan;AM;F;H;FH;450;P_450;;40;20;;30;5225;1;0;277;0;0;0;0;0
B3;3;080414;NB;France;AM;C;NH;C1;361;;A_361;125;;51;30;5348;2;1;1102;222;2;1;1590;720
B3;3;080414;NB;France;AM;M;NH;M1;362;;A_362;93;;40;30;5348;1;0;179;0;2;1;1831;374
B3;3;080414;NB;France;AM;F;NH;F1;363;;A_363;52;;49;30;5348;4;0;1937;0;3;0;538;0
B3;3;080414;NB;France;AM;C;NH;C2;364;;A_364;37;;55;30;5348;3;1;1204;181;1;1;883;184
B3;3;080414;NB;France;AM;M;NH;M2;365;;A_365;67;;48;30;5348;0;0;0;0;0;0;0;0
B3;3;080414;NB;France;AM;F;NH;F2;366;;A_366;73;;36;30;5348;1;0;184;0;3;1;2142;656
B3;3;080414;NB;France;AM;C;H;CH;367;;A_367;69;;27;30;5348;0;0;0;0;2;0;2414;0
B3;3;080414;NB;France;AM;M;H;MH;368;;A_368;93;;50;30;5348;1;1;1632;436;0;0;0;0
B3;3;080414;NB;France;AM;F;H;FH;369;;A_369;60;;44;30;5348;0;0;0;0;0;0;0;0
B3;3;080414;NB;France;AM;C;NH;C1;370;;A_370;53;;22;30;5348;0;0;0;0;1;0;826;0
B3;3;080414;NB;France;AM;M;NH;M1;371;;A_371;96;;31;30;5348;0;0;0;0;3;2;3662;1193
B3;3;080414;NB;France;AM;F;NH;F1;372;;A_372;82;;47;30;5348;1;0;158;0;1;1;2164;392
B3;3;080414;NB;France;AM;C;NH;C2;373;;A_373;;;;30;5348;0;0;0;0;0;0;0;0
B3;3;080414;NB;France;AM;M;NH;M2;374;;A_374;115;;44;30;5348;3;0;516;0;3;0;539;0
B3;3;080414;NB;France;AM;F;NH;F2;375;;A_375;62;;35;30;5348;2;0;804;0;2;0;303;0
B3;3;080414;NB;France;AM;C;H;CH;376;;A_376;77;;48;30;5348;1;1;758;183;2;1;2404;648
B3;3;080414;NB;France;AM;M;H;MH;377;;A_377;;;;30;5348;0;0;0;0;0;0;0;0
B3;3;080414;NB;France;AM;F;H;FH;378;;A_378;57;;50;30;5348;1;0;226;0;2;2;3308;1457
B3;3;080414;NB;France;AM;C;NH;C1;379;;A_379;84;;29;30;5348;1;0;590;0;1;1;1148;385
B3;3;080414;NB;France;AM;M;NH;M1;380;;A_380;110;;28;30;5348;1;1;466;169;2;1;2530;556
B3;3;080414;NB;France;AM;F;NH;F1;381;;A_381;71;;33;30;5348;0;0;0;0;3;1;1951;505
B3;3;080414;NB;France;AM;C;NH;C2;382;;A_382;95;;34;30;5348;2;0;353;0;2;0;1618;0
B3;3;080414;NB;France;AM;M;NH;M2;383;;A_383;65;;46;30;5348;2;0;719;0;2;1;1348;360
B3;3;080414;NB;France;AM;F;NH;F2;384;;A_384;49;;31;30;5348;1;0;196;0;2;1;1594;521
B3;3;080414;NB;France;AM;C;H;CH;385;;A_385;67;;49;30;5348;1;0;199;0;0;0;0;0
B3;3;080414;NB;France;AM;M;H;MH;386;;A_386;52;;41;30;5348;0;0;0;0;2;0;799;0
B3;3;080414;NB;France;AM;F;H;FH;387;;A_387;44;;37;30;5348;0;0;0;0;1;1;755;405
B3;3;080414;NB;France;AM;C;NH;C1;388;;A_388;74;;37;30;5348;3;1;1642;191;1;1;588;187
B3;3;080414;NB;France;AM;M;NH;M1;389;;A_389;78;;43;30;5348;2;1;2181;160;2;1;1364;578
B3;3;080414;NB;France;AM;F;NH;F1;390;;A_390;52;;;30;5348;0;0;0;0;0;0;0;0
B3;3;080414;KS;Germany;AM;C;NH;C2;391;;A_391;111;;33;30;5265;0;0;0;0;0;0;0;0
B3;3;080414;KS;Germany;AM;M;NH;M2;392;;A_392;71;;43;30;5265;1;0;900;0;0;0;0;0
B3;3;080414;KS;Germany;AM;F;NH;F2;393;;A_393;71;;45;30;5265;0;0;0;0;1;1;906;166
B3;3;080414;KS;Germany;AM;C;H;CH;394;;A_394;82;;42;30;5265;2;0;912;0;0;0;0;0
B3;3;080414;KS;Germany;AM;M;H;MH;395;;A_395;73;;68;30;5265;2;1;903;176;1;0;199;0
B3;3;080414;KS;Germany;AM;F;H;FH;396;;A_396;75;;42;30;5265;2;0;364;0;0;0;0;0
B3;3;080414;KS;Germany;AM;C;NH;C1;397;;A_397;90;;52;30;5265;1;0;360;0;4;2;1607;515
B3;3;080414;KS;Germany;AM;M;NH;M1;398;;A_398;123;;65;30;5265;2;0;1549;0;1;1;1270;343
B3;3;080414;KS;Germany;AM;F;NH;F1;399;;A_399;94;;35;30;5265;0;0;0;0;2;0;616;0
B3;3;080414;KS;Germany;AM;C;NH;C2;400;;A_400;74;;29;30;5265;1;0;160;0;1;1;1794;871
B3;3;080414;KS;Germany;AM;M;NH;M2;401;;A_401;87;;31;30;5265;1;0;180;0;0;0;0;0
B3;3;080414;KS;Germany;AM;F;NH;F2;402;;A_402;64;;50;30;5265;0;0;0;0;2;1;1411;524
B3;3;080414;KS;Germany;AM;C;H;CH;403;;A_403;79;;74;30;5265;1;0;559;0;1;0;167;0
B3;3;080414;KS;Germany;AM;M;H;MH;404;;A_404;106;;63;30;5265;2;0;920;0;3;1;1154;371
B3;3;080414;KS;Germany;AM;F;H;FH;405;;A_405;66;;69;30;5265;0;0;0;0;0;0;0;0
B3;3;080414;KS;Germany;AM;C;NH;C1;406;;A_406;80;;40;30;5265;0;0;0;0;1;0;99;0
B3;3;080414;KS;Germany;AM;M;NH;M1;407;;A_407;83;;35;30;5265;1;0;552;0;1;1;756;373
B3;3;080414;KS;Germany;AM;F;NH;F1;408;;A_408;47;;40;30;5265;2;0;363;0;2;1;1274;894
B3;3;080414;KS;Germany;AM;C;NH;C2;409;;A_409;119;;46;30;5265;0;0;0;0;0;0;0;0
B3;3;080414;KS;Germany;AM;M;NH;M2;410;;A_410;86;;36;30;5265;1;0;177;0;0;0;0;0
B3;3;080414;KS;Germany;AM;F;NH;F2;411;;A_411;54;;39;30;5265;0;0;0;0;3;2;1560;730
B3;3;080414;KS;Germany;AM;C;H;CH;412;;A_412;58;;40;30;5265;2;0;1100;0;3;1;1823;521
B3;3;080414;KS;Germany;AM;M;H;MH;413;;A_413;72;;35;30;5265;0;0;0;0;3;1;1783;346
B3;3;080414;KS;Germany;AM;F;H;FH;414;;A_414;51;;38;30;5265;2;0;1021;0;3;1;896;169
B3;3;080414;KS;Germany;AM;C;NH;C1;415;;A_415;62;;34;30;5265;0;0;0;0;0;0;0;0
B3;3;080414;KS;Germany;AM;M;NH;M1;416;;A_416;92;;47;30;5265;3;2;4025;2437;1;0;173;0
B3;3;080414;KS;Germany;AM;F;NH;F1;417;;A_417;49;;33;30;5265;2;0;367;0;2;1;1288;327
B3;3;080414;KS;Germany;AM;C;NH;C2;418;;A_418;64;;31;30;5265;3;0;496;0;3;2;1354;625
B3;3;080414;KS;Germany;AM;M;NH;M2;419;;A_419;48;;;30;5265;0;0;0;0;0;0;0;0
B3;3;080414;KS;Germany;AM;F;NH;F2;420;;A_420;56;;;30;5265;0;0;0;0;0;0;0;0
B3;3;080414;EC;Japan;AM;C;H;CH;421;;A_421;69;;36;30;5322;0;0;0;0;0;0;0;0
B3;3;080414;EC;Japan;AM;M;H;MH;422;;A_422;81;;35;30;5322;2;2;411;411;1;1;721;353
B3;3;080414;EC;Japan;AM;F;H;FH;423;;A_423;71;;42;30;5322;0;0;0;0;3;2;2680;1786
B3;3;080414;EC;Japan;AM;C;NH;C1;424;;A_424;82;;61;30;5322;2;0;676;0;1;1;2056;1003
B3;3;080414;EC;Japan;AM;M;NH;M1;425;;A_425;;;62;30;5322;0;0;0;0;0;0;0;0
B3;3;080414;EC;Japan;AM;F;NH;F1;426;;A_426;48;;46;30;5322;2;1;934;363;2;1;721;160
B3;3;080414;EC;Japan;AM;C;NH;C2;427;;A_427;77;;58;30;5322;2;2;2345;738;1;0;91;0
B3;3;080414;EC;Japan;AM;M;NH;M2;428;;A_428;61;;37;30;5322;3;1;1097;381;2;0;283;0
B3;3;080414;EC;Japan;AM;F;NH;F2;429;;A_429;49;;56;30;5322;2;0;536;0;1;1;729;370
B3;3;080414;EC;Japan;AM;C;H;CH;430;;A_430;68;;42;30;5322;1;0;180;0;0;0;0;0
B3;3;080414;EC;Japan;AM;M;H;MH;431;;A_431;55;;53;30;5322;0;0;0;0;0;0;0;0
B3;3;080414;EC;Japan;AM;F;H;FH;432;;A_432;48;;47;30;5322;3;2;1612;528;1;0;193;0
B3;3;080414;EC;Japan;AM;C;NH;C1;433;;A_433;67;;50;30;5322;2;1;903;367;1;1;1120;267
B3;3;080414;EC;Japan;AM;M;NH;M1;434;;A_434;128;;29;30;5322;0;0;0;0;1;0;353;0
B3;3;080414;EC;Japan;AM;F;NH;F1;435;;A_435;68;;41;30;5322;1;1;617;417;5;1;1882;332
B3;3;080414;EC;Japan;AM;C;NH;C2;436;;A_436;65;;70;30;5322;2;1;759;413;2;1;1056;687
B3;3;080414;EC;Japan;AM;M;NH;M2;437;;A_437;60;;42;30;5322;3;0;502;0;2;1;1333;514
B3;3;080414;EC;Japan;AM;F;NH;F2;438;;A_438;65;;39;30;5322;0;0;0;0;1;1;1077;909
B3;3;080414;EC;Japan;AM;C;H;CH;439;;A_439;91;;47;30;5322;1;0;168;0;2;0;1190;0
B3;3;080414;EC;Japan;AM;M;H;MH;440;;A_440;79;;28;30;5322;0;0;0;0;1;1;3669;515
B3;3;080414;EC;Japan;AM;F;H;FH;441;;A_441;64;;30;30;5322;1;0;342;0;4;1;2570;454
B3;3;080414;EC;Japan;AM;C;NH;C1;442;;A_442;79;;50;30;5322;1;1;392;191;3;2;1589;769
B3;3;080414;EC;Japan;AM;M;NH;M1;443;;A_443;76;;42;30;5322;0;0;0;0;5;2;1949;691
B3;3;080414;EC;Japan;AM;F;NH;F1;444;;A_444;76;;38;30;5322;0;0;0;0;2;1;1048;185
B3;3;080414;EC;Japan;AM;C;NH;C2;445;;A_445;60;;40;30;5322;0;0;0;0;0;0;0;0
B3;3;080414;EC;Japan;AM;M;NH;M2;446;;A_446;70;;35;30;5322;1;1;1058;540;3;0;1166;0
B3;3;080414;EC;Japan;AM;F;NH;F2;447;;A_447;56;;31;30;5322;0;0;0;0;1;1;1292;160
B3;3;080414;EC;Japan;AM;C;H;CH;448;;A_448;80;;42;30;5322;0;0;0;0;2;1;2244;389
B3;3;080414;EC;Japan;AM;M;H;MH;449;;A_449;64;;;30;5322;0;0;0;0;0;0;0;0
B3;3;080414;EC;Japan;AM;F;H;FH;450;;A_450;68;;;30;5322;0;0;0;0;0;0;0;0
B3;4;110414;NB;France;AM;C;NH;C1;361;;A_361;128;;47;30;5264;0;0;0;0;3;2;2907;531
B3;4;110414;NB;France;AM;M;NH;M1;362;;A_362;91;;39;30;5264;2;0;564;0;1;0;180;0
B3;4;110414;NB;France;AM;F;NH;F1;363;;A_363;50;;50;30;5264;0;0;0;0;2;0;527;0
B3;4;110414;NB;France;AM;C;NH;C2;364;;A_364;40;;62;30;5264;1;0;96;0;1;1;1047;683
B3;4;110414;NB;France;AM;M;NH;M2;365;;A_365;74;;52;30;5264;0;0;0;0;1;1;1579;1020
B3;4;110414;NB;France;AM;F;NH;F2;366;;A_366;72;;32;30;5264;0;0;0;0;0;0;0;0
B3;4;110414;NB;France;AM;C;H;CH;367;;A_367;75;;29;30;5264;3;0;671;0;4;1;3551;267
B3;4;110414;NB;France;AM;M;H;MH;368;;A_368;97;;54;30;5264;2;0;1131;0;3;0;534;0
B3;4;110414;NB;France;AM;F;H;FH;369;;A_369;66;;44;30;5264;3;0;475;0;1;1;1433;698
B3;4;110414;NB;France;AM;C;NH;C1;370;;A_370;54;;23;30;5264;2;0;275;0;0;0;0;0
B3;4;110414;NB;France;AM;M;NH;M1;371;;A_371;101;;31;30;5264;3;0;763;0;0;0;0;0
B3;4;110414;NB;France;AM;F;NH;F1;372;;A_372;78;;40;30;5264;1;1;826;202;0;0;0;0
B3;4;110414;NB;France;AM;C;NH;C2;373;;A_373;;;;30;5264;0;0;0;0;0;0;0;0
B3;4;110414;NB;France;AM;M;NH;M2;374;;A_374;111;;48;30;5264;1;0;150;0;1;1;759;150
B3;4;110414;NB;France;AM;F;NH;F2;375;;A_375;64;;39;30;5264;1;0;175;0;1;0;686;0
B3;4;110414;NB;France;AM;C;H;CH;376;;A_376;84;;45;30;5264;1;0;183;0;2;0;543;0
B3;4;110414;NB;France;AM;M;H;MH;377;;A_377;;;;30;5264;0;0;0;0;0;0;0;0
B3;4;110414;NB;France;AM;F;H;FH;378;;A_378;55;;41;30;5264;0;0;0;0;1;1;3990;381
B3;4;110414;NB;France;AM;C;NH;C1;379;;A_379;81;;27;30;5264;1;1;714;539;1;1;1084;642
B3;4;110414;NB;France;AM;M;NH;M1;380;;A_380;113;;36;30;5264;1;1;555;178;1;1;985;330
B3;4;110414;NB;France;AM;F;NH;F1;381;;A_381;73;;31;30;5264;0;0;0;0;3;0;741;0
B3;4;110414;NB;France;AM;C;NH;C2;382;;A_382;100;;31;30;5264;1;0;214;0;3;0;567;0
B3;4;110414;NB;France;AM;M;NH;M2;383;;A_383;65;;43;30;5264;2;1;991;539;2;1;979;349
B3;4;110414;NB;France;AM;F;NH;F2;384;;A_384;47;;29;30;5264;2;2;1562;359;1;0;356;0
B3;4;110414;NB;France;AM;C;H;CH;385;;A_385;69;;49;30;5264;2;0;501;0;1;0;1198;0
B3;4;110414;NB;France;AM;M;H;MH;386;;A_386;56;;38;30;5264;2;1;1497;85;2;1;3058;1510
B3;4;110414;NB;France;AM;F;H;FH;387;;A_387;47;;31;30;5264;0;0;0;0;2;1;1152;538
B3;4;110414;NB;France;AM;C;NH;C1;388;;A_388;78;;38;30;5264;2;0;733;0;2;2;1299;875
B3;4;110414;NB;France;AM;M;NH;M1;389;;A_389;83;;44;30;5264;2;0;239;0;2;1;892;334
B3;4;110414;NB;France;AM;F;NH;F1;390;;A_390;;;;30;5264;0;0;0;0;0;0;0;0
B3;4;110414;KS;Germany;AM;C;NH;C2;391;;A_391;113;;36;30;5267;0;0;0;0;1;1;1985;351
B3;4;110414;KS;Germany;AM;M;NH;M2;392;;A_392;68;;39;30;5267;5;0;1029;0;1;0;190;0
B3;4;110414;KS;Germany;AM;F;NH;F2;393;;A_393;68;;42;30;5267;0;0;0;0;1;1;559;192
B3;4;110414;KS;Germany;AM;C;H;CH;394;;A_394;84;;41;30;5267;3;0;1356;0;0;0;0;0
B3;4;110414;KS;Germany;AM;M;H;MH;395;;A_395;71;;64;30;5267;1;1;671;357;1;1;712;375
B3;4;110414;KS;Germany;AM;F;H;FH;396;;A_396;77;;40;30;5267;1;0;204;0;0;0;0;0
B3;4;110414;KS;Germany;AM;C;NH;C1;397;;A_397;89;;50;30;5267;0;0;0;0;0;0;0;0
B3;4;110414;KS;Germany;AM;M;NH;M1;398;;A_398;123;;61;30;5267;1;1;874;173;1;0;177;0
B3;4;110414;KS;Germany;AM;F;NH;F1;399;;A_399;97;;;30;5267;0;0;0;0;0;0;0;0
B3;4;110414;KS;Germany;AM;C;NH;C2;400;;A_400;73;;28;30;5267;0;0;0;0;0;0;0;0
B3;4;110414;KS;Germany;AM;M;NH;M2;401;;A_401;90;;31;30;5267;1;1;259;81;0;0;0;0
B3;4;110414;KS;Germany;AM;F;NH;F2;402;;A_402;64;;52;30;5267;0;0;0;0;1;0;182;0
B3;4;110414;KS;Germany;AM;C;H;CH;403;;A_403;73;;73;30;5267;0;0;0;0;1;0;164;0
B3;4;110414;KS;Germany;AM;M;H;MH;404;;A_404;112;;62;30;5267;1;1;712;178;0;0;0;0
B3;4;110414;KS;Germany;AM;F;H;FH;405;;A_405;68;;54;30;5267;0;0;0;0;0;0;0;0
B3;4;110414;KS;Germany;AM;C;NH;C1;406;;A_406;80;;40;30;5267;1;0;173;0;1;1;346;176
B3;4;110414;KS;Germany;AM;M;NH;M1;407;;A_407;87;;42;30;5267;2;1;1426;154;0;0;0;0
B3;4;110414;KS;Germany;AM;F;NH;F1;408;;A_408;53;;37;30;5267;3;2;891;356;0;0;0;0
B3;4;110414;KS;Germany;AM;C;NH;C2;409;;A_409;122;;45;30;5267;1;0;188;0;0;0;0;0
B3;4;110414;KS;Germany;AM;M;NH;M2;410;;A_410;89;;;30;5267;0;0;0;0;0;0;0;0
B3;4;110414;KS;Germany;AM;F;NH;F2;411;;A_411;53;;45;30;5267;0;0;0;0;0;0;0;0
B3;4;110414;KS;Germany;AM;C;H;CH;412;;A_412;64;;48;30;5267;0;0;0;0;1;1;672;358
B3;4;110414;KS;Germany;AM;M;H;MH;413;;A_413;73;;38;30;5267;0;0;0;0;1;1;1000;259
B3;4;110414;KS;Germany;AM;F;H;FH;414;;A_414;53;;46;30;5267;0;0;0;0;1;1;1181;431
B3;4;110414;KS;Germany;AM;C;NH;C1;415;;A_415;61;;36;30;5267;2;2;1821;749;2;1;766;162
B3;4;110414;KS;Germany;AM;M;NH;M1;416;;A_416;96;;50;30;5267;2;1;1307;1030;0;0;0;0
B3;4;110414;KS;Germany;AM;F;NH;F1;417;;A_417;51;;32;30;5267;1;0;181;0;1;1;2174;1460
B3;4;110414;KS;Germany;AM;C;NH;C2;418;;A_418;65;;37;30;5267;1;1;921;724;1;0;192;0
B3;4;110414;KS;Germany;AM;M;NH;M2;419;;A_419;;;;30;5267;0;0;0;0;0;0;0;0
B3;4;110414;KS;Germany;AM;F;NH;F2;420;;A_420;;;;30;5267;0;0;0;0;0;0;0;0
B3;4;110414;EC;Japan;AM;C;H;CH;421;;A_421;76;;37;30;5350;1;0;195;0;1;1;2340;541
B3;4;110414;EC;Japan;AM;M;H;MH;422;;A_422;95;;37;30;5350;0;0;0;0;0;0;0;0
B3;4;110414;EC;Japan;AM;F;H;FH;423;;A_423;80;;47;30;5350;1;0;365;0;2;1;441;91
B3;4;110414;EC;Japan;AM;C;NH;C1;424;;A_424;88;;57;30;5350;1;1;573;152;1;1;2183;1053
B3;4;110414;EC;Japan;AM;M;NH;M1;425;;A_425;111;;60;30;5350;2;0;375;0;1;1;1427;530
B3;4;110414;EC;Japan;AM;F;NH;F1;426;;A_426;55;;50;30;5350;1;1;1085;712;1;1;335;171
B3;4;110414;EC;Japan;AM;C;NH;C2;427;;A_427;79;;60;30;5350;1;1;549;378;0;0;0;0
B3;4;110414;EC;Japan;AM;M;NH;M2;428;;A_428;72;;38;30;5350;1;1;793;601;0;0;0;0
B3;4;110414;EC;Japan;AM;F;NH;F2;429;;A_429;55;;51;30;5350;0;0;0;0;0;0;0;0
B3;4;110414;EC;Japan;AM;C;H;CH;430;;A_430;85;;38;30;5350;1;0;205;0;0;0;0;0
B3;4;110414;EC;Japan;AM;M;H;MH;431;;A_431;61;;55;30;5350;1;1;424;87;0;0;0;0
B3;4;110414;EC;Japan;AM;F;H;FH;432;;A_432;53;;52;30;5350;0;0;0;0;2;1;678;373
B3;4;110414;EC;Japan;AM;C;NH;C1;433;;A_433;82;;46;30;5350;1;1;343;162;1;1;595;198
B3;4;110414;EC;Japan;AM;M;NH;M1;434;;A_434;140;;26;30;5350;1;0;501;0;0;0;0;0
B3;4;110414;EC;Japan;AM;F;NH;F1;435;;A_435;73;;43;30;5350;3;2;2100;828;0;0;0;0
B3;4;110414;EC;Japan;AM;C;NH;C2;436;;A_436;65;;70;30;5350;2;1;1535;724;2;2;1118;744
B3;4;110414;EC;Japan;AM;M;NH;M2;437;;A_437;66;;44;30;5350;0;0;0;0;2;1;1099;717
B3;4;110414;EC;Japan;AM;F;NH;F2;438;;A_438;71;;37;30;5350;1;1;571;392;1;0;195;0
B3;4;110414;EC;Japan;AM;C;H;CH;439;;A_439;97;;34;30;5350;0;0;0;0;0;0;0;0
B3;4;110414;EC;Japan;AM;M;H;MH;440;;A_440;89;;27;30;5350;0;0;0;0;0;0;0;0
B3;4;110414;EC;Japan;AM;F;H;FH;441;;A_441;73;;32;30;5350;1;0;175;0;1;1;2002;370
B3;4;110414;EC;Japan;AM;C;NH;C1;442;;A_442;78;;51;30;5350;2;2;825;465;1;1;332;153
B3;4;110414;EC;Japan;AM;M;NH;M1;443;;A_443;80;;42;30;5350;0;0;0;0;4;1;1316;361
B3;4;110414;EC;Japan;AM;F;NH;F1;444;;A_444;71;;39;30;5350;0;0;0;0;2;1;1278;169
B3;4;110414;EC;Japan;AM;C;NH;C2;445;;A_445;70;;34;30;5350;0;0;0;0;1;1;1127;541
B3;4;110414;EC;Japan;AM;M;NH;M2;446;;A_446;70;;37;30;5350;2;1;1205;360;1;1;740;344
B3;4;110414;EC;Japan;AM;F;NH;F2;447;;A_447;52;;29;30;5350;0;0;0;0;0;0;0;0
B3;4;110414;EC;Japan;AM;C;H;CH;448;;A_448;94;;35;30;5350;0;0;0;0;1;1;2461;350
B3;4;110414;EC;Japan;AM;M;H;MH;449;;A_449;;;;30;5350;0;0;0;0;0;0;0;0
B3;4;110414;EC;Japan;AM;F;H;FH;450;;A_450;;;;30;5350;0;0;0;0;0;0;0;0
